time;total distance traveled;distance to prev position;ray position;hmd position;distance to prev target;distance to current target
(1.254919000, 0.857915200, 4.771465000);(0.595993900, 2.746115000, 4.794239000);0,3444445;0,1777778
True

0;-0,07005271;0,07005271;(1.211293000, 0.836037200, 4.774522000);(0.017032340, 1.595249000, -0.017734950);0,04890067;2,006833;;;1,211293;0,8360372;4,774522
0,01111111;-0,062684215;0,007368495;(1.212002000, 0.828702900, 4.774553000);(0.017053600, 1.595185000, -0.017487830);0,05200781;2,014031;;;1,212002;0,8287029;4,774553
0,02222222;-0,086731455;0,02404724;(1.230235000, 0.813057200, 4.773538000);(0.017119590, 1.595111000, -0.017169060);0,05124309;2,034552;;;1,230235;0,8130572;4,773538
0,03333334;-0,071426025;0,01530543;(1.241660000, 0.802892200, 4.772904000);(0.017196610, 1.595089000, -0.016898100);0,05661635;2,047793;;;1,24166;0,8028922;4,772904
0,04444445;-0,061093855;0,01033217;(1.249104000, 0.795739300, 4.772498000);(0.017238940, 1.595015000, -0.016573550);0,06245571;2,056938;;;1,249104;0,7957393;4,772498
0,05555556;-0,048400375;0,01269348;(1.259423000, 0.788370200, 4.771907000);(0.017338450, 1.595023000, -0.016275830);0,06969205;2,067221;;;1,259423;0,7883702;4,771907
0,06666667;-0,043360165;0,00504021;(1.261202000, 0.783654700, 4.771841000);(0.017433870, 1.595012000, -0.015978820);0,07452668;2,072258;;;1,261202;0,7836547;4,771841
0,07777778;-0,057208985;0,01384882;(1.249354000, 0.790791600, 4.772533000);(0.017466710, 1.594941000, -0.015761860);0,06736235;2,061708;;;1,249354;0,7907916;4,772533
0,08888889;-0,076933985;0,019725;(1.232596000, 0.801149800, 4.773510000);(0.017606200, 1.594882000, -0.015499240);0,06103135;2,046602;;;1,232596;0,8011498;4,77351
0,1;-0,088704275;0,01177029;(1.223390000, 0.808465500, 4.774029000);(0.017764600, 1.594842000, -0.015257540);0,05870234;2,036792;;;1,22339;0,8084655;4,774029
0,1111111;-0,078643665;0,01006061;(1.215085000, 0.814124200, 4.774508000);(0.017905590, 1.594744000, -0.015032000);0,05927626;2,028855;;;1,215085;0,8141242;4,774508
0,1222222;-0,073418861;0,005224804;(1.209888000, 0.814548500, 4.774840000);(0.018026290, 1.594629000, -0.014728130);0,06260882;2,026868;;;1,209888;0,8145485;4,77484
0,1333333;-0,067448825;0,005970036;(1.210749000, 0.808640900, 4.774846000);(0.018274220, 1.594550000, -0.014377540);0,0662599;2,032758;;;1,210749;0,8086409;4,774846
0,1444445;-0,061777402;0,005671423;(1.215107000, 0.805019700, 4.774602000);(0.018408980, 1.594571000, -0.014126480);0,06627788;2,037533;;;1,215107;0,8050197;4,774602
0,1555556;-0,074521532;0,01274413;(1.226157000, 0.798703100, 4.773952000);(0.018558670, 1.594574000, -0.013829290);0,06587511;2,046932;;;1,226157;0,7987031;4,773952
0,1666667;-0,063924012;0,01059752;(1.235422000, 0.793587700, 4.773407000);(0.018664790, 1.594456000, -0.013595410);0,06724538;2,054669;;;1,235422;0,7935877;4,773407
0,1777778;-0,057880737;0,006043275;(1.241027000, 0.791353500, 4.773067000);(0.018698450, 1.594467000, -0.013374870);0,06801492;2,058545;;;1,241027;0,7913535;4,773067
0,1888889;-0,058981481;0,001100744;(1.242125000, 0.791346300, 4.772996000);(0.018822000, 1.594445000, -0.013100690);0,06780446;2,058897;;;1,242125;0,7913463;4,772996
0,2;-0,065388132;0,006406651;(1.237702000, 0.795974700, 4.773234000);(0.018893480, 1.594338000, -0.012885750);0,0643132;2,053114;;;1,237702;0,7959747;4,773234
0,2111111;-0,071164270;0,005776138;(1.233654000, 0.800089100, 4.773453000);(0.018984930, 1.594302000, -0.012628740);0,06164446;2,04794;;;1,233654;0,8000891;4,773453
0,2222222;-0,082501840;0,01133757;(1.227781000, 0.809783500, 4.773731000);(0.019019800, 1.594307000, -0.012389660);0,05530151;2,036899;;;1,227781;0,8097835;4,773731
0,2333333;-0,079603170;0,00289867;(1.225021000, 0.810651200, 4.773901000);(0.019061490, 1.594293000, -0.012151010);0,05597972;2,035217;;;1,225021;0,8106512;4,773901
0,2444444;-0,082846119;0,003242949;(1.227884000, 0.809138500, 4.773731000);(0.019128460, 1.594204000, -0.011866160);0,05581383;2,037544;;;1,227884;0,8091385;4,773731
0,2555556;-0,089317318;0,006471199;(1.233959000, 0.811330000, 4.773314000);(0.019149810, 1.594236000, -0.011617900);0,05111688;2,037359;;;1,233959;0,81133;4,773314
0,2666667;-0,094026773;0,004709455;(1.238173000, 0.813412700, 4.773019000);(0.019130950, 1.594268000, -0.011379480);0,04757458;2,036709;;;1,238173;0,8134127;4,773019
0,2777778;-0,100715996;0,006689223;(1.233302000, 0.817990500, 4.773286000);(0.019190460, 1.594392000, -0.011048560);0,04543763;2,030829;;;1,233302;0,8179905;4,773286
0,2888889;-0,090484616;0,01023138;(1.224010000, 0.822235800, 4.773844000);(0.019248260, 1.594684000, -0.010694150);0,04726574;2,02389;;;1,22401;0,8222358;4,773844
0,3;-0,099018757;0,008534141;(1.219676000, 0.829584800, 4.774047000);(0.019364360, 1.595007000, -0.010290570);0,04529176;2,015558;;;1,219676;0,8295848;4,774047
0,3111111;-0,116861197;0,01784244;(1.218911000, 0.847410300, 4.773909000);(0.019467520, 1.595524000, -0.009795251);0,03758887;1,998379;;;1,218911;0,8474103;4,773909
0,3222222;-0,138515917;0,02165472;(1.219295000, 0.869060200, 4.773655000);(0.019472060, 1.596226000, -0.009152356);0,03739157;1,977944;;;1,219295;0,8690602;4,773655
0,3333333;-0,099166537;0,03934938;(1.212467000, 0.907812600, 4.773689000);(0.019544230, 1.596775000, -0.008694652);0,06555096;1,939025;;;1,212467;0,9078126;4,773689
0,3444445;-0,049218897;0,04994764;(1.199721000, 0.956105700, 4.774006000);(0.019528720, 1.597359000, -0.008218232);0,1126705;1,889188;;;1,199721;0,9561057;4,774006
0,3555556;0,007352443;0,05657134;(1.189604000, 1.011765000, 4.774074000);(0.019544590, 1.597839000, -0.007825258);0,1671605;1,833235;;;1,189604;1,011765;4,774074
0,3666667;0,056111613;0,04875917;(1.181878000, 1.059908000, 4.774067000);(0.019426900, 1.598197000, -0.007542375);0,2148091;1,785206;;;1,181878;1,059908;4,774067
0,3777778;0,098320863;0,04220925;(1.172278000, 1.101011000, 4.774255000);(0.019252760, 1.598512000, -0.007216397);0,2567739;1,743236;;;1,172278;1,101011;4,774255
0,3888889;0,136264293;0,03794343;(1.164334000, 1.138113000, 4.774379000);(0.019126090, 1.598930000, -0.006962839);0,2944911;1,705601;;;1,164334;1,138113;4,774379
0,4;0,180799623;0,04453533;(1.156609000, 1.181973000, 4.774416000);(0.018878700, 1.599303000, -0.006671491);0,3386551;1,661693;;;1,156609;1,181973;4,774416
0,4111111;0,235864353;0,05506473;(1.140589000, 1.234654000, 4.774899000);(0.018735290, 1.599672000, -0.006452325);0,3937198;1,606696;;;1,140589;1,234654;4,774899
0,4222222;0,296426293;0,06056194;(1.118323000, 1.290968000, 4.775747000);(0.018602210, 1.600046000, -0.006263557);0,4541052;1,546164;;;1,118323;1,290968;4,775747
0,4333333;0,357075123;0,06064883;(1.097477000, 1.347916000, 4.776498000);(0.018593130, 1.600374000, -0.006126705);0,5146987;1,485517;;;1,097477;1,347916;4,776498
0,4444444;0,424637513;0,06756239;(1.072908000, 1.410847000, 4.777426000);(0.018487160, 1.600801000, -0.005968812);0,5821484;1,417982;;;1,072908;1,410847;4,777426
0,4555556;0,498450553;0,07381304;(1.049447000, 1.480828000, 4.778207000);(0.018436910, 1.601147000, -0.005798699);0,6559605;1,344184;;;1,049447;1,480828;4,778207
0,4666667;0,571591833;0,07314128;(1.025285000, 1.549858000, 4.779045000);(0.018423690, 1.601464000, -0.005645396);0,729091;1,271044;;;1,025285;1,549858;4,779045
0,4777778;0,641125573;0,06953374;(1.002126000, 1.615416000, 4.779853000);(0.018433980, 1.601683000, -0.005501809);0,798613;1,201512;;;1,002126;1,615416;4,779853
0,4888889;0,713186013;0,07206044;(0.976185300, 1.682639000, 4.780825000);(0.018450710, 1.601962000, -0.005371334);0,8706027;1,129472;;;0,9761853;1,682639;4,780825
0,5;0,781126043;0,06794003;(0.954810700, 1.747125000, 4.781529000);(0.018441340, 1.602214000, -0.005258145);0,9385417;1,061552;;;0,9548107;1,747125;4,781529
0,5111111;0,847000623;0,06587458;(0.931223000, 1.808625000, 4.782409000);(0.018431280, 1.602451000, -0.005183460);1,004365;0,9956936;;;0,931223;1,808625;4,782409
0,5222223;0,911412483;0,06441186;(0.911195600, 1.869841000, 4.783061000);(0.018411380, 1.602665000, -0.005080881);1,068772;0,9313074;;;0,9111956;1,869841;4,783061
0,5333334;0,976769063;0,06535658;(0.892636200, 1.932505000, 4.783603000);(0.018411650, 1.602833000, -0.005043807);1,134081;0,8660668;;;0,8926362;1,932505;4,783603
0,5444446;1,046006903;0,06923784;(0.868184100, 1.997275000, 4.784503000);(0.018387300, 1.603023000, -0.005158307);1,203277;0,7968338;;;0,8681841;1,997275;4,784503
0,5555557;1,110611693;0,06460479;(0.837615400, 2.054173000, 4.785884000);(0.018337610, 1.603128000, -0.005133690);1,267037;0,7329628;;;0,8376154;2,054173;4,785884
0,5666668;1,174697503;0,06408581;(0.808926600, 2.111465000, 4.787138000);(0.018339710, 1.603402000, -0.005143287);1,330617;0,669456;;;0,8089266;2,111465;4,787138
0,577778;1,234329733;0,05963223;(0.787439500, 2.167086000, 4.787943000);(0.018313040, 1.603559000, -0.005260767);1,390229;0,6098902;;;0,7874395;2,167086;4,787943
0,5888891;1,292072443;0,05774271;(0.769557900, 2.221987000, 4.788523000);(0.018304260, 1.603767000, -0.005272033);1,44795;0,552148;;;0,7695579;2,221987;4,788523
0,6000003;1,345717413;0,05364497;(0.751241000, 2.272404000, 4.789177000);(0.018382210, 1.603966000, -0.005407395);1,501594;0,4985277;;;0,751241;2,272404;4,789177
0,6111114;1,396042993;0,05032558;(0.734216500, 2.319758000, 4.789781000);(0.018368480, 1.604202000, -0.005350651);1,551919;0,4482248;;;0,7342165;2,319758;4,789781
0,6222225;1,448298523;0,05225553;(0.720569400, 2.370199000, 4.790133000);(0.018377810, 1.604474000, -0.005342307);1,60402;0,3960414;;;0,7205694;2,370199;4,790133
0,6333337;1,502333963;0,05403544;(0.703498000, 2.421464000, 4.790698000);(0.018362760, 1.604768000, -0.005322160);1,658047;0,342006;;;0,703498;2,421464;4,790698
0,6444448;1,552127203;0,04979324;(0.683141400, 2.466898000, 4.791538000);(0.018311200, 1.604961000, -0.005391361);1,707677;0,2925134;;;0,6831414;2,466898;4,791538
0,655556;1,594579903;0,0424527;(0.669083500, 2.506953000, 4.792027000);(0.018270820, 1.605166000, -0.005446794);1,750129;0,2500913;;;0,6690835;2,506953;4,792027
0,6666671;1,637464973;0,04288507;(0.657074000, 2.548120000, 4.792370000);(0.018206450, 1.605339000, -0.005489590);1,792945;0,2072104;;;0,657074;2,54812;4,79237
0,6777782;1,683718293;0,04625332;(0.643187600, 2.592238000, 4.792804000);(0.018125300, 1.605499000, -0.005506339);1,83917;0,1609581;;;0,6431876;2,592238;4,792804
0,6888894;1,722939383;0,03922109;(0.628090900, 2.628432000, 4.793401000);(0.018077940, 1.605724000, -0.005542936);1,878331;0,1219844;;;0,6280909;2,628432;4,793401
0,7000005;1,754951573;0,03201219;(0.604515900, 2.650050000, 4.794700000);(0.018052550, 1.605837000, -0.005539062);1,906649;0,09644387;;;0,6045159;2,65005;4,7947
0,7111117;1,786258573;0,031307;(0.583364100, 2.673103000, 4.795827000);(0.017897520, 1.605973000, -0.005712749);1,935584;0,07411344;;;0,5833641;2,673103;4,795827
0,7222228;1,816959283;0,03070071;(0.571252200, 2.701309000, 4.796314000);(0.017777550, 1.606027000, -0.005818428);1,966245;0,05122514;;;0,5712522;2,701309;4,796314
0,7333339;1,845029093;0,02806981;(0.563017400, 2.728143000, 4.796565000);(0.017650280, 1.606153000, -0.005931738);1,994269;0,03762796;;;0,5630174;2,728143;4,796565
0,7444451;1,867736763;0,02270767;(0.561630500, 2.750808000, 4.796415000);(0.017519460, 1.606257000, -0.006031099);2,016014;0,03475052;;;0,5616305;2,750808;4,796415
0,7555562;1,886302253;0,01856549;(0.558654000, 2.769133000, 4.796415000);(0.017393920, 1.606370000, -0.006134394);2,034247;0,04391844;;;0,558654;2,769133;4,796415
0,7666674;1,890064698;0,003762445;(0.561552900, 2.771522000, 4.796202000);(0.017325070, 1.606488000, -0.006200257);2,0355;0,04284329;;;0,5615529;2,771522;4,796202
0,7777785;1,893682468;0,00361777;(0.563587900, 2.774509000, 4.796039000);(0.017109130, 1.606552000, -0.006120863);2,037615;0,04312285;;;0,5635879;2,774509;4,796039
0,7888896;1,902996384;0,009313916;(0.561942600, 2.783676000, 4.796049000);(0.016932090, 1.606554000, -0.006235423);2,046797;0,0507306;;;0,5619426;2,783676;4,796049
0,8000008;1,921535114;0,01853873;(0.549730500, 2.797609000, 4.796693000);(0.016824920, 1.606595000, -0.006480935);2,064059;0,06926742;;;0,5497305;2,797609;4,796693
0,8111119;1,944182414;0,0226473;(0.536873800, 2.816243000, 4.797329000);(0.016609890, 1.606588000, -0.006589833);2,085978;0,09177472;;;0,5368738;2,816243;4,797329
0,8222231;1,959082374;0,01489996;(0.531235300, 2.830033000, 4.797549000);(0.016543840, 1.606463000, -0.006845954);2,100868;0,1060509;;;0,5312353;2,830033;4,797549
0,8333342;1,972532314;0,01344994;(0.522759700, 2.840467000, 4.797988000);(0.016193510, 1.606547000, -0.006943467);2,113592;0,1194971;;;0,5227597;2,840467;4,797988
0,8444453;1,966153783;0,006378531;(0.516939600, 2.837888000, 4.798392000);(0.015983730, 1.606512000, -0.007100108);2,113204;0,1211989;;;0,5169396;2,837888;4,798392
0,8555565;1,952400513;0,01375327;(0.523044900, 2.825567000, 4.798126000);(0.015664470, 1.606537000, -0.007014039);2,099525;0,1079321;;;0,5230449;2,825567;4,798126
0,8666676;1,926184893;0,02621562;(0.538710200, 2.804562000, 4.797333000);(0.015478270, 1.606548000, -0.007149342);2,074382;0,08189648;;;0,5387102;2,804562;4,797333
0,8777788;1,906362753;0,01982214;(0.553918600, 2.791878000, 4.796482000);(0.015515960, 1.606485000, -0.007459763);2,05724;0,06220573;;;0,5539186;2,791878;4,796482
0,8888899;1,886261183;0,02010157;(0.568163000, 2.777715000, 4.795709000);(0.015409920, 1.606535000, -0.007561686);2,039082;0,04213405;;;0,568163;2,777715;4,795709
0,900001;1,867209363;0,01905182;(0.580809400, 2.763482000, 4.795040000);(0.015330330, 1.606432000, -0.007777634);2,021426;0,02308256;;;0,5808094;2,763482;4,79504
0,9111122;1,851396753;0,01581261;(0.591174100, 2.751552000, 4.794494000);(0.015255590, 1.606511000, -0.007897737);2,006726;0,007270202;;;0,5911741;2,751552;4,794494
0,9222233;1,842848311;0,008548442;(0.596727200, 2.745059000, 4.794203000);(0.015211050, 1.606603000, -0.007998648);1,998762;0,001285892;;;0,5967272;2,745059;4,794203
0,9333345;1,850699388;0,007851077;(0.589955200, 2.749012000, 4.794600000);(0.015004610, 1.606594000, -0.008031431);2,004734;0,006707274;;;0,5899552;2,749012;4,7946
0,9444456;1,862255308;0,01155592;(0.584588300, 2.759243000, 4.794839000);(0.014916930, 1.606602000, -0.008074704);2,016169;0,01740096;;;0,5845883;2,759243;4,794839
0,9555568;1,880329788;0,01807448;(0.571788200, 2.771985000, 4.795535000);(0.014833110, 1.606611000, -0.008084956);2,032465;0,03545219;;;0,5717882;2,771985;4,795535
0,9666679;1,889001658;0,00867187;(0.563385700, 2.774065000, 4.796057000);(0.014732810, 1.606614000, -0.008135560);2,037267;0,04298626;;;0,5633857;2,774065;4,796057
0,977779;1,900421338;0,01141968;(0.552290800, 2.776680000, 4.796748000);(0.014463980, 1.606623000, -0.007930162);2,043522;0,0533896;;;0,5522908;2,77668;4,796748
0,9888902;1,904569755;0,004148417;(0.548268000, 2.777661000, 4.796998000);(0.014359830, 1.606587000, -0.007979515);2,045833;0,05727598;;;0,548268;2,777661;4,796998
1,000001;1,895207922;0,009361833;(0.551143600, 2.768753000, 4.796906000);(0.014381340, 1.606551000, -0.008081558);2,036479;0,05031013;;;0,5511436;2,768753;4,796906
1,011112;1,866130122;0,0290778;(0.568698800, 2.745589000, 4.796013000);(0.014309560, 1.606574000, -0.008116188);2,008685;0,02735781;;;0,5686988;2,745589;4,796013
1,022224;1,846044042;0,02008608;(0.581333100, 2.729988000, 4.795359000);(0.014310570, 1.606622000, -0.008096042);1,98971;0,02182378;;;0,5813331;2,729988;4,795359
1,033335;1,822906902;0,02313714;(0.598341300, 2.714330000, 4.794422000);(0.014253920, 1.606560000, -0.007989946);1,969238;0,0318721;;;0,5983413;2,71433;4,794422
1,044446;1,808683722;0,01422318;(0.608651100, 2.704548000, 4.793858000);(0.014244620, 1.606524000, -0.007955375);1,956583;0,0434531;;;0,6086511;2,704548;4,793858
1,055557;1,802508003;0,006175719;(0.614733500, 2.703549000, 4.793474000);(0.014228260, 1.606476000, -0.007984224);1,953635;0,04651456;;;0,6147335;2,703549;4,793474
1,066668;1,814151403;0,0116434;(0.610667900, 2.714459000, 4.793622000);(0.014206470, 1.606437000, -0.007949534);1,965275;0,03489736;;;0,6106679;2,714459;4,793622
1,077779;1,826702953;0,01255155;(0.602459900, 2.723945000, 4.794054000);(0.014173730, 1.606385000, -0.007847968);1,976937;0,02309471;;;0,6024599;2,723945;4,794054
1,08889;1,840508933;0,01380598;(0.593208600, 2.734181000, 4.794545000);(0.014173930, 1.606371000, -0.007802430);1,989665;0,01225884;;;0,5932086;2,734181;4,794545
1,100002;1,844610332;0,004101399;(0.590229100, 2.736995000, 4.794709000);(0.014127170, 1.606285000, -0.007800165);1,993312;0,01079985;;;0,5902291;2,736995;4,794709
1,111113;1,837446873;0,007163459;(0.594245900, 2.731067000, 4.794511000);(0.014095580, 1.606286000, -0.007828536);1,986383;0,01515213;;;0,5942459;2,731067;4,794511
1,122224;1,831206446;0,006240427;(0.598891300, 2.726908000, 4.794254000);(0.014076770, 1.606251000, -0.007797363);1,980915;0,01942478;;;0,5988913;2,726908;4,794254
1,133335;1,816364196;0,01484225;(0.612222100, 2.720431000, 4.793459000);(0.014075820, 1.606180000, -0.007762256);1,970408;0,03039156;;;0,6122221;2,720431;4,793459
1,144446;1,806494725;0,009869471;(0.620834400, 2.715637000, 4.792952000);(0.014091460, 1.606179000, -0.007732931);1,963073;0,03933956;;;0,6208344;2,715637;4,792952
1,155557;1,800192946;0,006301779;(0.627116800, 2.715354000, 4.792547000);(0.014077350, 1.606068000, -0.007742110);1,96078;0,04379228;;;0,6271168;2,715354;4,792547
1,166668;1,806561131;0,006368185;(0.632763000, 2.718272000, 4.792151000);(0.014097230, 1.606069000, -0.007741752);1,961743;0,04616876;;;0,632763;2,718272;4,792151
1,17778;1,810695291;0,00413416;(0.635533000, 2.721334000, 4.791939000);(0.014081050, 1.606067000, -0.007716122);1,963769;0,04671994;;;0,635533;2,721334;4,791939
1,188891;1,815126673;0,004431382;(0.636861000, 2.725559000, 4.791809000);(0.014108170, 1.606012000, -0.007717195);1,96736;0,04581004;;;0,636861;2,725559;4,791809
1,200002;1,820828206;0,005701533;(0.640568500, 2.729882000, 4.791523000);(0.014289770, 1.605928000, -0.007664087);1,970301;0,04751632;;;0,6405685;2,729882;4,791523
1,211113;1,813616511;0,007211695;(0.647688400, 2.728827000, 4.791073000);(0.014335070, 1.605871000, -0.007657412);1,967085;0,05460073;;;0,6476884;2,728827;4,791073
1,222224;1,807386809;0,006229702;(0.653002700, 2.725591000, 4.790762000);(0.014411050, 1.605821000, -0.007673684);1,962368;0,06069057;;;0,6530027;2,725591;4,790762
1,233335;1,804907441;0,002479368;(0.654077700, 2.723357000, 4.790717000);(0.014477150, 1.605840000, -0.007691684);1,959912;0,06248255;;;0,6540777;2,723357;4,790717
1,244446;1,810607919;0,005700478;(0.651013100, 2.728161000, 4.790864000);(0.014572070, 1.605793000, -0.007708731);1,965426;0,05797277;;;0,6510131;2,728161;4,790864
1,255558;1,815102797;0,004494878;(0.646591500, 2.728920000, 4.791143000);(0.014564100, 1.605890000, -0.007468882);1,967514;0,05352916;;;0,6465915;2,72892;4,791143
1,266669;1,812649936;0,002452861;(0.648949700, 2.729576000, 4.790983000);(0.014628200, 1.605830000, -0.007491532);1,967408;0,05557385;;;0,6489497;2,729576;4,790983
1,27778;1,820404936;0,007755;(0.642716100, 2.734176000, 4.791339000);(0.014920820, 1.605846000, -0.007542196);1,973713;0,04831071;;;0,6427161;2,734176;4,791339
1,288891;1,837668626;0,01726369;(0.628858400, 2.744441000, 4.792128000);(0.015005400, 1.605810000, -0.007493260);1,987803;0,03297476;;;0,6288584;2,744441;4,792128
1,300002;1,851196596;0,01352797;(0.618653500, 2.753304000, 4.792696000);(0.014879970, 1.605788000, -0.007407728);1,999445;0,02382251;;;0,6186535;2,753304;4,792696
1,311113;1,864074496;0,0128779;(0.612840500, 2.764792000, 4.792951000);(0.014953140, 1.605788000, -0.007509473);2,012189;0,0251851;;;0,6128405;2,764792;4,792951
1,322224;1,874320866;0,01024637;(0.618562000, 2.773280000, 4.792491000);(0.015129810, 1.605632000, -0.007673982);2,018419;0,03535934;;;0,618562;2,77328;4,792491
1,333336;1,877489213;0,003168347;(0.619806500, 2.776191000, 4.792379000);(0.015251270, 1.605610000, -0.007771078);2,020789;0,03840658;;;0,6198065;2,776191;4,792379
1,344447;1,872282293;0,00520692;(0.624180000, 2.773377000, 4.792126000);(0.015338180, 1.605674000, -0.007769111);2,016743;0,03926988;;;0,62418;2,773377;4,792126
1,355558;1,860003993;0,0122783;(0.634909000, 2.767440000, 4.791493000);(0.015435100, 1.605679000, -0.007709923);2,00776;0,04445975;;;0,634909;2,76744;4,791493
1,366669;1,844628433;0,01537556;(0.648033800, 2.759468000, 4.790728000);(0.015526040, 1.605744000, -0.007803681);1,996142;0,05384017;;;0,6480338;2,759468;4,790728
1,37778;1,828887383;0,01574105;(0.658765300, 2.747966000, 4.790154000);(0.015770300, 1.605661000, -0.007851544);1,981929;0,06293142;;;0,6587653;2,747966;4,790154
1,388891;1,825525485;0,003361898;(0.656273300, 2.745717000, 4.790339000);(0.015844090, 1.605641000, -0.007878426);1,980538;0,06040675;;;0,6562733;2,745717;4,790339
1,400002;1,836476915;0,01095143;(0.651254700, 2.755448000, 4.790561000);(0.015853520, 1.605651000, -0.007843438);1,991333;0,05616393;;;0,6512547;2,755448;4,790561
1,411114;1,851394035;0,01491712;(0.644194800, 2.768585000, 4.790880000);(0.015918730, 1.605709000, -0.007768813);2,005996;0,05328708;;;0,6441948;2,768585;4,79088
1,422225;1,874866325;0,02347229;(0.631070100, 2.788034000, 4.791525000);(0.015994460, 1.605617000, -0.007783893);2,028534;0,0547259;;;0,6310701;2,788034;4,791525
1,433336;1,890216245;0,01534992;(0.624339400, 2.801827000, 4.791816000);(0.015925720, 1.605501000, -0.007528665);2,043731;0,06255507;;;0,6243394;2,801827;4,791816
1,444447;1,902562435;0,01234619;(0.624398600, 2.814172000, 4.791681000);(0.016016950, 1.605420000, -0.007529858);2,055458;0,07379115;;;0,6243986;2,814172;4,791681
1,455558;1,894258437;0,008303998;(0.632668400, 2.814696000, 4.791141000);(0.016042160, 1.605308000, -0.007557931);2,05343;0,07783307;;;0,6326684;2,814696;4,791141
1,466669;1,872251377;0,02200706;(0.647938900, 2.798871000, 4.790318000);(0.016125620, 1.605217000, -0.007492128);2,033738;0,07414046;;;0,6479389;2,798871;4,790318
1,47778;1,853791767;0,01845961;(0.655202400, 2.781903000, 4.790027000);(0.016407550, 1.605097000, -0.007591429);2,015374;0,06931192;;;0,6552024;2,781903;4,790027
1,488891;1,829458987;0,02433278;(0.655728000, 2.757577000, 4.790249000);(0.016429450, 1.604989000, -0.007627311);1,992008;0,06095444;;;0,655728;2,757577;4,790249
1,500003;1,810600217;0,01885877;(0.652909700, 2.738934000, 4.790628000);(0.016485620, 1.604920000, -0.007579866);1,975098;0,0574806;;;0,6529097;2,738934;4,790628
1,511114;1,795591907;0,01500831;(0.653267300, 2.723930000, 4.790763000);(0.016700760, 1.604759000, -0.007675949);1,960706;0,06151831;;;0,6532673;2,72393;4,790763
1,522225;1,787929067;0,00766284;(0.654566500, 2.716378000, 4.790759000);(0.016762240, 1.604591000, -0.007643404);1,953121;0,06578103;;;0,6545665;2,716378;4,790759
1,533336;1,804297527;0,01636846;(0.644826700, 2.729524000, 4.791251000);(0.016920000, 1.604311000, -0.007701519);1,968635;0,05166068;;;0,6448267;2,729524;4,791251
1,544447;1,839450457;0,03515293;(0.618740000, 2.753043000, 4.792693000);(0.016958430, 1.604244000, -0.007695558);1,999171;0,02382798;;;0,61874;2,753043;4,792693
1,555558;1,870261557;0,0308111;(0.596637500, 2.774476000, 4.793899000);(0.016818140, 1.604130000, -0.007612589);2,026584;0,02836971;;;0,5966375;2,774476;4,793899
1,566669;1,879888043;0,009626486;(0.591396800, 2.782547000, 4.794152000);(0.016864050, 1.604137000, -0.007570448);2,035923;0,03672032;;;0,5913968;2,782547;4,794152
1,577781;1,882416496;0,002528453;(0.592966300, 2.784525000, 4.794030000);(0.016880740, 1.604141000, -0.007519784);2,037282;0,03852966;;;0,5929663;2,784525;4,79403
1,588892;1,861222866;0,02119363;(0.607249800, 2.768886000, 4.793270000);(0.016818030, 1.604080000, -0.007340672);2,017861;0,02541962;;;0,6072498;2,768886;4,79327
1,600003;1,840372786;0,02085008;(0.618202600, 2.751153000, 4.792747000);(0.016852660, 1.604116000, -0.007272366);1,997551;0,02282159;;;0,6182026;2,751153;4,792747
1,611114;1,812081226;0,02829156;(0.627368200, 2.724389000, 4.792436000);(0.017029600, 1.604109000, -0.007330361);1,96926;0,03820527;;;0,6273682;2,724389;4,792436
1,622225;1,799765646;0,01231558;(0.627426700, 2.712074000, 4.792562000);(0.017098050, 1.604163000, -0.007267776);1,957574;0,04636429;;;0,6274267;2,712074;4,792562
1,633336;1,798291316;0,00147433;(0.628893600, 2.712185000, 4.792465000);(0.017162110, 1.604165000, -0.007230702);1,957209;0,04729466;;;0,6288936;2,712185;4,792465
1,644447;1,802848984;0,004557668;(0.625529800, 2.715255000, 4.792651000);(0.017186610, 1.604199000, -0.007200780);1,961196;0,04274641;;;0,6255298;2,715255;4,792651
1,655559;1,819197474;0,01634849;(0.611486800, 2.723585000, 4.793473000);(0.017231850, 1.604208000, -0.007152858);1,973629;0,0273538;;;0,6114868;2,723585;4,793473
1,66667;1,832625574;0,0134281;(0.598950700, 2.728337000, 4.794235000);(0.017284450, 1.604202000, -0.007104936);1,982244;0,0180226;;;0,5989507;2,728337;4,794235
1,677781;1,843669174;0,0110436;(0.589455200, 2.733948000, 4.794791000);(0.017241930, 1.604148000, -0.006905260);1,9907;0,01382368;;;0,5894552;2,733948;4,794791
1,688892;1,848877541;0,005208367;(0.587057200, 2.738570000, 4.794898000);(0.017249660, 1.604172000, -0.006929937);1,995859;0,01171421;;;0,5870572;2,73857;4,794898
1,700003;1,853607751;0,00473021;(0.582460200, 2.739648000, 4.795184000);(0.017337470, 1.604161000, -0.006895247);1,99842;0,01502934;;;0,5824602;2,739648;4,795184
1,711114;1,842956801;0,01065095;(0.585712900, 2.729506000, 4.795080000);(0.017414850, 1.604184000, -0.006897393);1,987775;0,01955161;;;0,5857129;2,729506;4,79508
1,722225;1,829704881;0,01325192;(0.594280500, 2.719406000, 4.794631000);(0.017427280, 1.604229000, -0.006844166);1,975381;0,02676662;;;0,5942805;2,719406;4,794631
1,733337;1,812076401;0,01762848;(0.605992900, 2.706246000, 4.794012000);(0.017302290, 1.604287000, -0.006802442);1,959066;0,04110466;;;0,6059929;2,706246;4,794012
1,744448;1,802882603;0,009193798;(0.603716400, 2.697342000, 4.794253000);(0.017263070, 1.604285000, -0.006749096);1,951429;0,04938111;;;0,6037164;2,697342;4,794253
