time;distance to prev position;controller position;camera position;distance to prev target;distance to current target
(0.0000, 3.5355, 3.5355);(0.0000, 3.5355, 3.5355)

0;0;(0.0000, 0.0000, 0.0000);(0.0000, 0.0000, 0.0000);0,0000;0,0000
0,02;3,062247;(2.6923, 1.0705, 0.9915);(0.0000, 0.0000, 0.0000);3,0622;3,0622
0,04;2,964254;(2.5991, 1.0479, 0.9711);(2.6856, 0.7713, 0.9417);2,9659;2,9659
0,04;2,964254;(2.5991, 1.0479, 0.9711);(2.6856, 0.7713, 0.9417);2,9659;2,9659
0,04;2,964254;(2.5991, 1.0479, 0.9711);(2.6856, 0.7713, 0.9417);2,9659;2,9659
0,04;2,964254;(2.5991, 1.0479, 0.9711);(2.6856, 0.7713, 0.9417);2,9659;2,9659
0,04;2,964254;(2.5991, 1.0479, 0.9711);(2.6856, 0.7713, 0.9417);2,9659;2,9659
0,04;2,964254;(2.5991, 1.0479, 0.9711);(2.6856, 0.7713, 0.9417);2,9659;2,9659
0,04;2,964254;(2.5991, 1.0479, 0.9711);(2.6856, 0.7713, 0.9417);2,9659;2,9659
0,04;2,964254;(2.5991, 1.0479, 0.9711);(2.6856, 0.7713, 0.9417);2,9659;2,9659
0,04;2,964254;(2.5991, 1.0479, 0.9711);(2.6856, 0.7713, 0.9417);2,9659;2,9659
0,04;2,964254;(2.5991, 1.0479, 0.9711);(2.6856, 0.7713, 0.9417);2,9659;2,9659
0,04;2,964254;(2.5991, 1.0479, 0.9711);(2.6856, 0.7713, 0.9417);2,9659;2,9659
0,04;2,964254;(2.5991, 1.0479, 0.9711);(2.6856, 0.7713, 0.9417);2,9659;2,9659
0,04;2,964254;(2.5991, 1.0479, 0.9711);(2.6856, 0.7713, 0.9417);2,9659;2,9659
0,04;2,964254;(2.5991, 1.0479, 0.9711);(2.6856, 0.7713, 0.9417);2,9659;2,9659
0,04;2,964254;(2.5991, 1.0479, 0.9711);(2.6856, 0.7713, 0.9417);2,9659;2,9659
0,04;2,964254;(2.5991, 1.0479, 0.9711);(2.6856, 0.7713, 0.9417);2,9659;2,9659
0,04;2,964254;(2.5991, 1.0479, 0.9711);(2.6856, 0.7713, 0.9417);2,9659;2,9659
0,04;2,964254;(2.5991, 1.0479, 0.9711);(2.6856, 0.7713, 0.9417);2,9659;2,9659
0,04;2,964254;(2.5991, 1.0479, 0.9711);(2.6856, 0.7713, 0.9417);2,9659;2,9659
0,04;2,964254;(2.5991, 1.0479, 0.9711);(2.6856, 0.7713, 0.9417);2,9659;2,9659
0,04;2,964254;(2.5991, 1.0479, 0.9711);(2.6856, 0.7713, 0.9417);2,9659;2,9659
0,04;2,964254;(2.5991, 1.0479, 0.9711);(2.6856, 0.7713, 0.9417);2,9659;2,9659
0,04;2,964254;(2.5991, 1.0479, 0.9711);(2.6856, 0.7713, 0.9417);2,9659;2,9659
0,04;2,964254;(2.5991, 1.0479, 0.9711);(2.6856, 0.7713, 0.9417);2,9659;2,9659
0,04;2,964254;(2.5991, 1.0479, 0.9711);(2.6856, 0.7713, 0.9417);2,9659;2,9659
0,04;2,964254;(2.5991, 1.0479, 0.9711);(2.6856, 0.7713, 0.9417);2,9659;2,9659
0,04;2,964254;(2.5991, 1.0479, 0.9711);(2.6856, 0.7713, 0.9417);2,9659;2,9659
0,04;2,964254;(2.5991, 1.0479, 0.9711);(2.6856, 0.7713, 0.9417);2,9659;2,9659
0,04;2,964254;(2.5991, 1.0479, 0.9711);(2.6856, 0.7713, 0.9417);2,9659;2,9659
0,04;2,964254;(2.5991, 1.0479, 0.9711);(2.6856, 0.7713, 0.9417);2,9659;2,9659
0,3733333;2,468459;(2.2127, 1.0290, 0.6610);(2.3152, 0.7833, 0.7032);2,5283;2,5283
0,3733333;2,468459;(2.2127, 1.0290, 0.6610);(2.3152, 0.7833, 0.7032);2,5283;2,5283
0,3733333;2,468459;(2.2127, 1.0290, 0.6610);(2.3152, 0.7833, 0.7032);2,5283;2,5283
0,3733333;2,468459;(2.2127, 1.0290, 0.6610);(2.3152, 0.7833, 0.7032);2,5283;2,5283
0,3733333;2,468459;(2.2127, 1.0290, 0.6610);(2.3152, 0.7833, 0.7032);2,5283;2,5283
0,3733333;2,468459;(2.2127, 1.0290, 0.6610);(2.3152, 0.7833, 0.7032);2,5283;2,5283
0,3733333;2,468459;(2.2127, 1.0290, 0.6610);(2.3152, 0.7833, 0.7032);2,5283;2,5283
0,3733333;2,468459;(2.2127, 1.0290, 0.6610);(2.3152, 0.7833, 0.7032);2,5283;2,5283
0,3733333;2,468459;(2.2127, 1.0290, 0.6610);(2.3152, 0.7833, 0.7032);2,5283;2,5283
0,3733333;2,468459;(2.2127, 1.0290, 0.6610);(2.3152, 0.7833, 0.7032);2,5283;2,5283
0,3733333;2,468459;(2.2127, 1.0290, 0.6610);(2.3152, 0.7833, 0.7032);2,5283;2,5283
0,3733333;2,468459;(2.2127, 1.0290, 0.6610);(2.3152, 0.7833, 0.7032);2,5283;2,5283
0,3733333;2,468459;(2.2127, 1.0290, 0.6610);(2.3152, 0.7833, 0.7032);2,5283;2,5283
0,5185349;2,380843;(2.1606, 1.0385, 0.5913);(2.2623, 0.7964, 0.6310);2,4690;2,4690
0,5185349;2,380843;(2.1606, 1.0385, 0.5913);(2.2623, 0.7964, 0.6310);2,4690;2,4690
0,5390171;2,348563;(2.1421, 1.0435, 0.5653);(2.2427, 0.8008, 0.6017);2,4489;2,4489
0,5497027;2,338341;(2.1361, 1.0450, 0.5571);(2.2362, 0.8018, 0.5917);2,4424;2,4424
0,5628522;2,327683;(2.1298, 1.0469, 0.5487);(2.2297, 0.8028, 0.5818);2,4358;2,4358
0,5731526;2,317634;(2.1240, 1.0481, 0.5406);(2.2234, 0.8036, 0.5717);2,4294;2,4294
0,5844546;2,307124;(2.1181, 1.0496, 0.5321);(2.2167, 0.8044, 0.5617);2,4230;2,4230
0,5953148;2,297006;(2.1123, 1.0506, 0.5238);(2.2103, 0.8047, 0.5511);2,4166;2,4166
0,6065739;2,286839;(2.1071, 1.0510, 0.5151);(2.2040, 0.8051, 0.5408);2,4104;2,4104
0,6177433;2,276782;(2.1015, 1.0523, 0.5069);(2.1978, 0.8053, 0.5306);2,4043;2,4043
0,6290466;2,267201;(2.0958, 1.0528, 0.4992);(2.1916, 0.8057, 0.5204);2,3979;2,3979
0,6401204;2,257349;(2.0905, 1.0536, 0.4909);(2.1853, 0.8060, 0.5104);2,3919;2,3919
0,6511526;2,247432;(2.0851, 1.0537, 0.4826);(2.1790, 0.8063, 0.5002);2,3856;2,3856
0,6622313;2,238414;(2.0800, 1.0547, 0.4752);(2.1730, 0.8064, 0.4900);2,3801;2,3801
0,6740387;2,228589;(2.0752, 1.0552, 0.4667);(2.1667, 0.8065, 0.4798);2,3743;2,3743
0,6740387;2,228589;(2.0752, 1.0552, 0.4667);(2.1667, 0.8065, 0.4798);2,3743;2,3743
0,6960422;2,209139;(2.0644, 1.0560, 0.4505);(2.1540, 0.8065, 0.4596);2,3622;2,3622
0,7070351;2,199142;(2.0587, 1.0560, 0.4423);(2.1476, 0.8064, 0.4495);2,3556;2,3556
0,7181962;2,190173;(2.0533, 1.0569, 0.4352);(2.1413, 0.8062, 0.4395);2,3500;2,3500
0,7292895;2,179709;(2.0471, 1.0564, 0.4268);(2.1350, 0.8060, 0.4295);2,3428;2,3428
0,7402822;2,170139;(2.0414, 1.0569, 0.4191);(2.1286, 0.8057, 0.4197);2,3367;2,3367
0,7514943;2,159431;(2.0352, 1.0563, 0.4104);(2.1222, 0.8053, 0.4098);2,3294;2,3294
0,7631985;2,149577;(2.0294, 1.0559, 0.4024);(2.1158, 0.8048, 0.4001);2,3227;2,3227
0,7731024;2,13887;(2.0230, 1.0555, 0.3939);(2.1094, 0.8043, 0.3906);2,3155;2,3155
0,7843018;2,128594;(2.0167, 1.0551, 0.3857);(2.1028, 0.8038, 0.3809);2,3085;2,3085
0,7954667;2,117925;(2.0103, 1.0545, 0.3772);(2.0963, 0.8030, 0.3715);2,3012;2,3012
0,8065437;2,106533;(2.0029, 1.0535, 0.3686);(2.0897, 0.8023, 0.3620);2,2929;2,2929
0,8180287;2,095696;(1.9963, 1.0531, 0.3600);(2.0830, 0.8015, 0.3528);2,2855;2,2855
0,8289663;2,084291;(1.9892, 1.0516, 0.3512);(2.0763, 0.8005, 0.3438);2,2773;2,2773
0,8289663;2,084291;(1.9892, 1.0516, 0.3512);(2.0763, 0.8005, 0.3438);2,2773;2,2773
0,8510001;2,060844;(1.9747, 1.0490, 0.3330);(2.0627, 0.7982, 0.3255);2,2607;2,2607
0,8620284;2,048994;(1.9672, 1.0480, 0.3239);(2.0557, 0.7969, 0.3163);2,2523;2,2523
0,873428;2,036553;(1.9594, 1.0465, 0.3143);(2.0485, 0.7955, 0.3073);2,2435;2,2435
0,885223;2,02394;(1.9511, 1.0445, 0.3050);(2.0413, 0.7941, 0.2984);2,2340;2,2340
0,8974;2,011548;(1.9433, 1.0433, 0.2955);(2.0341, 0.7928, 0.2896);2,2253;2,2253
0,9084228;1,998696;(1.9353, 1.0414, 0.2856);(2.0268, 0.7915, 0.2809);2,2161;2,2161
0,9084228;1,998696;(1.9353, 1.0414, 0.2856);(2.0268, 0.7915, 0.2809);2,2161;2,2161
0,9200897;1,985886;(1.9273, 1.0396, 0.2757);(2.0194, 0.7903, 0.2724);2,2071;2,2071
0,9316463;1,972998;(1.9194, 1.0383, 0.2656);(2.0119, 0.7893, 0.2641);2,1983;2,1983
0,9432583;1,960143;(1.9117, 1.0364, 0.2555);(2.0044, 0.7884, 0.2559);2,1896;2,1896
0,954905;1,947342;(1.9039, 1.0353, 0.2454);(1.9967, 0.7875, 0.2478);2,1811;2,1811
0,9675428;1,934042;(1.8957, 1.0336, 0.2351);(1.9890, 0.7867, 0.2397);2,1719;2,1719
0,978157;1,921228;(1.8877, 1.0324, 0.2251);(1.9813, 0.7860, 0.2317);2,1633;2,1633
0,9896764;1,908424;(1.8797, 1.0312, 0.2152);(1.9734, 0.7855, 0.2240);2,1548;2,1548
1,005741;1,896074;(1.8717, 1.0304, 0.2059);(1.9654, 0.7851, 0.2164);2,1465;2,1465
1,012911;1,883728;(1.8633, 1.0294, 0.1969);(1.9577, 0.7848, 0.2091);2,1378;2,1378
1,024575;1,871198;(1.8551, 1.0281, 0.1875);(1.9498, 0.7846, 0.2016);2,1292;2,1292
1,03556;1,858823;(1.8469, 1.0274, 0.1782);(1.9416, 0.7845, 0.1943);2,1209;2,1209
1,047126;1,846638;(1.8387, 1.0267, 0.1692);(1.9335, 0.7845, 0.1868);2,1127;2,1127
1,05871;1,834612;(1.8308, 1.0264, 0.1602);(1.9252, 0.7844, 0.1795);2,1049;2,1049
1,07025;1,82335;(1.8232, 1.0267, 0.1519);(1.9171, 0.7845, 0.1722);2,0979;2,0979
1,081736;1,81204;(1.8159, 1.0264, 0.1432);(1.9090, 0.7849, 0.1652);2,0908;2,0908
1,093121;1,801484;(1.8092, 1.0266, 0.1351);(1.9010, 0.7852, 0.1583);2,0845;2,0845
1,104629;1,79029;(1.8021, 1.0263, 0.1264);(1.8929, 0.7855, 0.1512);2,0777;2,0777
1,115982;1,779353;(1.7952, 1.0265, 0.1180);(1.8847, 0.7858, 0.1440);2,0713;2,0713
1,127313;1,768654;(1.7881, 1.0267, 0.1099);(1.8766, 0.7861, 0.1371);2,0648;2,0648
1,138524;1,758265;(1.7811, 1.0278, 0.1024);(1.8683, 0.7867, 0.1300);2,0589;2,0589
1,14982;1,747816;(1.7739, 1.0291, 0.0949);(1.8591, 0.7879, 0.1234);2,0530;2,0530
1,14982;1,747816;(1.7739, 1.0291, 0.0949);(1.8591, 0.7879, 0.1234);2,0530;2,0530
1,173884;1,727938;(1.7607, 1.0311, 0.0802);(1.8431, 0.7905, 0.1104);2,0420;2,0420
1,185604;1,718166;(1.7544, 1.0323, 0.0728);(1.8352, 0.7920, 0.1039);2,0369;2,0369
1,185604;1,718166;(1.7544, 1.0323, 0.0728);(1.8352, 0.7920, 0.1039);2,0369;2,0369
1,198282;1,708426;(1.7482, 1.0339, 0.0654);(1.8276, 0.7940, 0.0978);2,0321;2,0321
1,210788;1,698569;(1.7420, 1.0352, 0.0579);(1.8197, 0.7955, 0.0912);2,0272;2,0272
1,223538;1,689277;(1.7360, 1.0367, 0.0510);(1.8121, 0.7969, 0.0848);2,0226;2,0226
1,234622;1,679459;(1.7296, 1.0379, 0.0436);(1.8043, 0.7981, 0.0783);2,0176;2,0176
1,248232;1,669646;(1.7232, 1.0391, 0.0363);(1.7965, 0.7992, 0.0717);2,0126;2,0126
1,248232;1,669646;(1.7232, 1.0391, 0.0363);(1.7965, 0.7992, 0.0717);2,0126;2,0126
1,264822;1,657358;(1.7153, 1.0406, 0.0270);(1.7868, 0.8007, 0.0635);2,0064;2,0064
1,28161;1,640193;(1.7041, 1.0426, 0.0141);(1.7753, 0.8024, 0.0538);1,9978;1,9978
1,28161;1,640193;(1.7041, 1.0426, 0.0141);(1.7753, 0.8024, 0.0538);1,9978;1,9978
1,304175;1,637174;(1.7022, 1.0430, 0.0119);(1.7753, 0.8024, 0.0538);1,9963;1,9963
1,318101;1,637174;(1.7022, 1.0430, 0.0119);(1.7753, 0.8024, 0.0538);1,9963;1,9963
1,32326;1,637174;(1.7022, 1.0430, 0.0119);(1.7753, 0.8024, 0.0538);1,9963;1,9963
1,334464;1,590918;(1.6669, 1.0464, -0.0179);(1.7319, 0.8009, 0.0093);1,9682;1,9682
1,345616;1,579985;(1.6588, 1.0459, -0.0252);(1.7276, 0.8061, 0.0098);1,9611;1,9611
1,356861;1,569771;(1.6508, 1.0471, -0.0314);(1.7197, 0.8058, 0.0024);1,9551;1,9551
1,368201;1,558871;(1.6428, 1.0467, -0.0388);(1.7118, 0.8038, -0.0059);1,9483;1,9483
1,380955;1,54793;(1.6346, 1.0465, -0.0461);(1.7040, 0.8032, -0.0133);1,9415;1,9415
1,391419;1,537099;(1.6268, 1.0459, -0.0536);(1.6985, 0.8006, -0.0209);1,9348;1,9348
1,403416;1,526384;(1.6192, 1.0455, -0.0611);(1.6911, 0.7995, -0.0283);1,9283;1,9283
1,414695;1,516019;(1.6123, 1.0444, -0.0687);(1.6833, 0.7988, -0.0357);1,9222;1,9222
1,425768;1,505264;(1.6048, 1.0439, -0.0764);(1.6758, 0.7980, -0.0432);1,9159;1,9159
1,437343;1,494503;(1.5975, 1.0433, -0.0843);(1.6678, 0.7972, -0.0508);1,9098;1,9098
1,449354;1,484243;(1.5904, 1.0427, -0.0917);(1.6601, 0.7968, -0.0579);1,9039;1,9039
1,460104;1,474266;(1.5841, 1.0419, -0.0994);(1.6527, 0.7964, -0.0650);1,8986;1,8986
1,460104;1,474266;(1.5841, 1.0419, -0.0994);(1.6527, 0.7964, -0.0650);1,8986;1,8986
1,484773;1,443337;(1.5636, 1.0403, -0.1226);(1.6386, 0.7908, -0.0863);1,8821;1,8821
1,484773;1,443337;(1.5636, 1.0403, -0.1226);(1.6386, 0.7908, -0.0863);1,8821;1,8821
1,504537;1,432355;(1.5560, 1.0405, -0.1304);(1.6310, 0.7905, -0.0937);1,8764;1,8764
1,515571;1,421562;(1.5489, 1.0402, -0.1385);(1.6236, 0.7905, -0.1013);1,8709;1,8709
1,5272;1,410856;(1.5417, 1.0404, -0.1465);(1.6163, 0.7902, -0.1089);1,8657;1,8657
1,538763;1,400123;(1.5347, 1.0404, -0.1546);(1.6081, 0.7908, -0.1166);1,8605;1,8605
1,550398;1,389179;(1.5274, 1.0408, -0.1627);(1.6011, 0.7916, -0.1237);1,8554;1,8554
1,562012;1,377987;(1.5198, 1.0411, -0.1710);(1.5935, 0.7924, -0.1315);1,8501;1,8501
1,573562;1,366804;(1.5119, 1.0417, -0.1789);(1.5859, 0.7932, -0.1395);1,8447;1,8447
1,586356;1,3556;(1.5039, 1.0421, -0.1867);(1.5782, 0.7940, -0.1478);1,8392;1,8392
1,596827;1,344418;(1.4960, 1.0425, -0.1946);(1.5706, 0.7948, -0.1558);1,8338;1,8338
1,608462;1,333393;(1.4884, 1.0428, -0.2026);(1.5631, 0.7953, -0.1636);1,8286;1,8286
1,608462;1,333393;(1.4884, 1.0428, -0.2026);(1.5631, 0.7953, -0.1636);1,8286;1,8286
1,623078;1,322613;(1.4807, 1.0434, -0.2101);(1.5562, 0.7963, -0.1714);1,8235;1,8235
1,623078;1,322613;(1.4807, 1.0434, -0.2101);(1.5562, 0.7963, -0.1714);1,8235;1,8235
1,648567;1,291169;(1.4571, 1.0496, -0.2299);(1.5368, 0.8039, -0.1947);1,8105;1,8105
1,648567;1,291169;(1.4571, 1.0496, -0.2299);(1.5368, 0.8039, -0.1947);1,8105;1,8105
1,648567;1,291169;(1.4571, 1.0496, -0.2299);(1.5368, 0.8039, -0.1947);1,8105;1,8105
1,648567;1,291169;(1.4571, 1.0496, -0.2299);(1.5368, 0.8039, -0.1947);1,8105;1,8105
1,648567;1,291169;(1.4571, 1.0496, -0.2299);(1.5368, 0.8039, -0.1947);1,8105;1,8105
1,698092;1,258367;(1.4339, 1.0568, -0.2519);(1.5128, 0.8114, -0.2202);1,7990;1,7990
1,698092;1,258367;(1.4339, 1.0568, -0.2519);(1.5128, 0.8114, -0.2202);1,7990;1,7990
1,698092;1,258367;(1.4339, 1.0568, -0.2519);(1.5128, 0.8114, -0.2202);1,7990;1,7990
1,698092;1,258367;(1.4339, 1.0568, -0.2519);(1.5128, 0.8114, -0.2202);1,7990;1,7990
1,698092;1,258367;(1.4339, 1.0568, -0.2519);(1.5128, 0.8114, -0.2202);1,7990;1,7990
1,757359;1,207235;(1.3980, 1.0682, -0.2865);(1.4772, 0.8190, -0.2605);1,7825;1,7825
1,770392;1,188272;(1.3833, 1.0693, -0.2985);(1.4632, 0.8215, -0.2761);1,7737;1,7737
1,770392;1,188272;(1.3833, 1.0693, -0.2985);(1.4632, 0.8215, -0.2761);1,7737;1,7737
1,787337;1,178777;(1.3765, 1.0712, -0.3048);(1.4568, 0.8218, -0.2832);1,7706;1,7706
1,787337;1,178777;(1.3765, 1.0712, -0.3048);(1.4568, 0.8218, -0.2832);1,7706;1,7706
1,813744;1,178777;(1.3765, 1.0712, -0.3048);(1.4568, 0.8218, -0.2832);1,7706;1,7706
1,813744;1,178777;(1.3765, 1.0712, -0.3048);(1.4568, 0.8218, -0.2832);1,7706;1,7706
1,813744;1,178777;(1.3765, 1.0712, -0.3048);(1.4568, 0.8218, -0.2832);1,7706;1,7706
1,813744;1,178777;(1.3765, 1.0712, -0.3048);(1.4568, 0.8218, -0.2832);1,7706;1,7706
1,813744;1,178777;(1.3765, 1.0712, -0.3048);(1.4568, 0.8218, -0.2832);1,7706;1,7706
1,813744;1,178777;(1.3765, 1.0712, -0.3048);(1.4568, 0.8218, -0.2832);1,7706;1,7706
1,813744;1,178777;(1.3765, 1.0712, -0.3048);(1.4568, 0.8218, -0.2832);1,7706;1,7706
1,813744;1,178777;(1.3765, 1.0712, -0.3048);(1.4568, 0.8218, -0.2832);1,7706;1,7706
1,813744;1,178777;(1.3765, 1.0712, -0.3048);(1.4568, 0.8218, -0.2832);1,7706;1,7706
1,917849;1,110203;(1.3240, 1.0784, -0.3484);(1.4568, 0.8218, -0.2832);1,7428;1,7428
1,917849;1,110203;(1.3240, 1.0784, -0.3484);(1.4568, 0.8218, -0.2832);1,7428;1,7428
1,917849;1,110203;(1.3240, 1.0784, -0.3484);(1.4568, 0.8218, -0.2832);1,7428;1,7428
1,917849;1,110203;(1.3240, 1.0784, -0.3484);(1.4568, 0.8218, -0.2832);1,7428;1,7428
1,917849;1,110203;(1.3240, 1.0784, -0.3484);(1.4568, 0.8218, -0.2832);1,7428;1,7428
1,917849;1,110203;(1.3240, 1.0784, -0.3484);(1.4568, 0.8218, -0.2832);1,7428;1,7428
1,917849;1,110203;(1.3240, 1.0784, -0.3484);(1.4568, 0.8218, -0.2832);1,7428;1,7428
1,917849;1,110203;(1.3240, 1.0784, -0.3484);(1.4568, 0.8218, -0.2832);1,7428;1,7428
1,917849;1,110203;(1.3240, 1.0784, -0.3484);(1.4568, 0.8218, -0.2832);1,7428;1,7428
1,917849;1,110203;(1.3240, 1.0784, -0.3484);(1.4568, 0.8218, -0.2832);1,7428;1,7428
1,917849;1,110203;(1.3240, 1.0784, -0.3484);(1.4568, 0.8218, -0.2832);1,7428;1,7428
1,917849;1,110203;(1.3240, 1.0784, -0.3484);(1.4568, 0.8218, -0.2832);1,7428;1,7428
1,917849;1,110203;(1.3240, 1.0784, -0.3484);(1.4568, 0.8218, -0.2832);1,7428;1,7428
1,917849;1,110203;(1.3240, 1.0784, -0.3484);(1.4568, 0.8218, -0.2832);1,7428;1,7428
1,917849;1,110203;(1.3240, 1.0784, -0.3484);(1.4568, 0.8218, -0.2832);1,7428;1,7428
1,917849;1,110203;(1.3240, 1.0784, -0.3484);(1.4568, 0.8218, -0.2832);1,7428;1,7428
1,917849;1,110203;(1.3240, 1.0784, -0.3484);(1.4568, 0.8218, -0.2832);1,7428;1,7428
1,917849;1,110203;(1.3240, 1.0784, -0.3484);(1.4568, 0.8218, -0.2832);1,7428;1,7428
1,917849;1,110203;(1.3240, 1.0784, -0.3484);(1.4568, 0.8218, -0.2832);1,7428;1,7428
1,917849;1,110203;(1.3240, 1.0784, -0.3484);(1.4568, 0.8218, -0.2832);1,7428;1,7428
1,917849;1,110203;(1.3240, 1.0784, -0.3484);(1.4568, 0.8218, -0.2832);1,7428;1,7428
1,917849;1,110203;(1.3240, 1.0784, -0.3484);(1.4568, 0.8218, -0.2832);1,7428;1,7428
1,917849;1,110203;(1.3240, 1.0784, -0.3484);(1.4568, 0.8218, -0.2832);1,7428;1,7428
1,917849;1,110203;(1.3240, 1.0784, -0.3484);(1.4568, 0.8218, -0.2832);1,7428;1,7428
1,917849;1,110203;(1.3240, 1.0784, -0.3484);(1.4568, 0.8218, -0.2832);1,7428;1,7428
1,917849;1,110203;(1.3240, 1.0784, -0.3484);(1.4568, 0.8218, -0.2832);1,7428;1,7428
1,917849;1,110203;(1.3240, 1.0784, -0.3484);(1.4568, 0.8218, -0.2832);1,7428;1,7428
1,917849;1,110203;(1.3240, 1.0784, -0.3484);(1.4568, 0.8218, -0.2832);1,7428;1,7428
1,917849;1,110203;(1.3240, 1.0784, -0.3484);(1.4568, 0.8218, -0.2832);1,7428;1,7428
1,917849;1,110203;(1.3240, 1.0784, -0.3484);(1.4568, 0.8218, -0.2832);1,7428;1,7428
2,251182;1,110203;(1.3240, 1.0784, -0.3484);(1.4568, 0.8218, -0.2832);1,7428;1,7428
2,251182;1,110203;(1.3240, 1.0784, -0.3484);(1.4568, 0.8218, -0.2832);1,7428;1,7428
2,274199;1,110203;(1.3240, 1.0784, -0.3484);(1.4568, 0.8218, -0.2832);1,7428;1,7428
2,274199;1,110203;(1.3240, 1.0784, -0.3484);(1.4568, 0.8218, -0.2832);1,7428;1,7428
2,29644;1,110203;(1.3240, 1.0784, -0.3484);(1.4568, 0.8218, -0.2832);1,7428;1,7428
2,29644;1,110203;(1.3240, 1.0784, -0.3484);(1.4568, 0.8218, -0.2832);1,7428;1,7428
2,318785;1,110203;(1.3240, 1.0784, -0.3484);(1.4568, 0.8218, -0.2832);1,7428;1,7428
2,318785;1,110203;(1.3240, 1.0784, -0.3484);(1.4568, 0.8218, -0.2832);1,7428;1,7428
2,340724;1,110203;(1.3240, 1.0784, -0.3484);(1.4568, 0.8218, -0.2832);1,7428;1,7428
2,340724;1,110203;(1.3240, 1.0784, -0.3484);(1.4568, 0.8218, -0.2832);1,7428;1,7428
2,36367;1,110203;(1.3240, 1.0784, -0.3484);(1.4568, 0.8218, -0.2832);1,7428;1,7428
2,36367;1,110203;(1.3240, 1.0784, -0.3484);(1.4568, 0.8218, -0.2832);1,7428;1,7428
2,386528;1,110203;(1.3240, 1.0784, -0.3484);(1.4568, 0.8218, -0.2832);1,7428;1,7428
2,386528;1,110203;(1.3240, 1.0784, -0.3484);(1.4568, 0.8218, -0.2832);1,7428;1,7428
2,386528;1,110203;(1.3240, 1.0784, -0.3484);(1.4568, 0.8218, -0.2832);1,7428;1,7428
2,409554;1,110203;(1.3240, 1.0784, -0.3484);(1.4568, 0.8218, -0.2832);1,7428;1,7428
2,409554;1,110203;(1.3240, 1.0784, -0.3484);(1.4568, 0.8218, -0.2832);1,7428;1,7428
2,43561;1,110203;(1.3240, 1.0784, -0.3484);(1.4568, 0.8218, -0.2832);1,7428;1,7428
2,43561;1,110203;(1.3240, 1.0784, -0.3484);(1.4568, 0.8218, -0.2832);1,7428;1,7428
2,453753;1,110203;(1.3240, 1.0784, -0.3484);(1.4568, 0.8218, -0.2832);1,7428;1,7428
2,453753;1,110203;(1.3240, 1.0784, -0.3484);(1.4568, 0.8218, -0.2832);1,7428;1,7428
2,476975;1,110203;(1.3240, 1.0784, -0.3484);(1.4568, 0.8218, -0.2832);1,7428;1,7428
2,476975;1,110203;(1.3240, 1.0784, -0.3484);(1.4568, 0.8218, -0.2832);1,7428;1,7428
2,498706;1,110203;(1.3240, 1.0784, -0.3484);(1.4568, 0.8218, -0.2832);1,7428;1,7428
2,498706;1,110203;(1.3240, 1.0784, -0.3484);(1.4568, 0.8218, -0.2832);1,7428;1,7428
2,520515;1,110203;(1.3240, 1.0784, -0.3484);(1.4568, 0.8218, -0.2832);1,7428;1,7428
2,520515;1,110203;(1.3240, 1.0784, -0.3484);(1.4568, 0.8218, -0.2832);1,7428;1,7428
2,542789;1,110203;(1.3240, 1.0784, -0.3484);(1.4568, 0.8218, -0.2832);1,7428;1,7428
2,542789;1,110203;(1.3240, 1.0784, -0.3484);(1.4568, 0.8218, -0.2832);1,7428;1,7428
2,565367;1,110203;(1.3240, 1.0784, -0.3484);(1.4568, 0.8218, -0.2832);1,7428;1,7428
2,565367;1,110203;(1.3240, 1.0784, -0.3484);(1.4568, 0.8218, -0.2832);1,7428;1,7428
2,587721;1,110203;(1.3240, 1.0784, -0.3484);(1.4568, 0.8218, -0.2832);1,7428;1,7428
2,587721;1,110203;(1.3240, 1.0784, -0.3484);(1.4568, 0.8218, -0.2832);1,7428;1,7428
2,609695;1,110203;(1.3240, 1.0784, -0.3484);(1.4568, 0.8218, -0.2832);1,7428;1,7428
2,609695;1,110203;(1.3240, 1.0784, -0.3484);(1.4568, 0.8218, -0.2832);1,7428;1,7428
2,632059;1,110203;(1.3240, 1.0784, -0.3484);(1.4568, 0.8218, -0.2832);1,7428;1,7428
2,632059;1,110203;(1.3240, 1.0784, -0.3484);(1.4568, 0.8218, -0.2832);1,7428;1,7428
2,654349;1,110203;(1.3240, 1.0784, -0.3484);(1.4568, 0.8218, -0.2832);1,7428;1,7428
2,654349;1,110203;(1.3240, 1.0784, -0.3484);(1.4568, 0.8218, -0.2832);1,7428;1,7428
2,677955;1,110203;(1.3240, 1.0784, -0.3484);(1.4568, 0.8218, -0.2832);1,7428;1,7428
2,677955;1,110203;(1.3240, 1.0784, -0.3484);(1.4568, 0.8218, -0.2832);1,7428;1,7428
2,69888;1,110203;(1.3240, 1.0784, -0.3484);(1.4568, 0.8218, -0.2832);1,7428;1,7428
2,69888;1,110203;(1.3240, 1.0784, -0.3484);(1.4568, 0.8218, -0.2832);1,7428;1,7428
2,721455;1,110203;(1.3240, 1.0784, -0.3484);(1.4568, 0.8218, -0.2832);1,7428;1,7428
2,721455;1,110203;(1.3240, 1.0784, -0.3484);(1.4568, 0.8218, -0.2832);1,7428;1,7428
2,743789;1,110203;(1.3240, 1.0784, -0.3484);(1.4568, 0.8218, -0.2832);1,7428;1,7428
2,743789;1,110203;(1.3240, 1.0784, -0.3484);(1.4568, 0.8218, -0.2832);1,7428;1,7428
2,765608;1,110203;(1.3240, 1.0784, -0.3484);(1.4568, 0.8218, -0.2832);1,7428;1,7428
2,765608;1,110203;(1.3240, 1.0784, -0.3484);(1.4568, 0.8218, -0.2832);1,7428;1,7428
2,787542;1,110203;(1.3240, 1.0784, -0.3484);(1.4568, 0.8218, -0.2832);1,7428;1,7428
2,787542;1,110203;(1.3240, 1.0784, -0.3484);(1.4568, 0.8218, -0.2832);1,7428;1,7428
2,809639;1,110203;(1.3240, 1.0784, -0.3484);(1.4568, 0.8218, -0.2832);1,7428;1,7428
2,820105;1,110203;(1.3240, 1.0784, -0.3484);(1.4568, 0.8218, -0.2832);1,7428;1,7428
2,832034;1,110203;(1.3240, 1.0784, -0.3484);(1.4568, 0.8218, -0.2832);1,7428;1,7428
2,842427;1,110203;(1.3240, 1.0784, -0.3484);(1.4568, 0.8218, -0.2832);1,7428;1,7428
2,853538;1,110203;(1.3240, 1.0784, -0.3484);(1.4568, 0.8218, -0.2832);1,7428;1,7428
2,864751;1,110203;(1.3240, 1.0784, -0.3484);(1.4568, 0.8218, -0.2832);1,7428;1,7428
2,87677;1,110203;(1.3240, 1.0784, -0.3484);(1.4568, 0.8218, -0.2832);1,7428;1,7428
2,887001;1,110203;(1.3240, 1.0784, -0.3484);(1.4568, 0.8218, -0.2832);1,7428;1,7428
2,908715;1,110203;(1.3240, 1.0784, -0.3484);(1.4568, 0.8218, -0.2832);1,7428;1,7428
2,91986;1,110203;(1.3240, 1.0784, -0.3484);(1.4568, 0.8218, -0.2832);1,7428;1,7428
2,91986;1,110203;(1.3240, 1.0784, -0.3484);(1.4568, 0.8218, -0.2832);1,7428;1,7428
2,931139;1,110203;(1.3240, 1.0784, -0.3484);(1.4568, 0.8218, -0.2832);1,7428;1,7428
2,942224;1,110203;(1.3240, 1.0784, -0.3484);(1.4568, 0.8218, -0.2832);1,7428;1,7428
2,953387;1,110203;(1.3240, 1.0784, -0.3484);(1.4568, 0.8218, -0.2832);1,7428;1,7428
2,964587;1,110203;(1.3240, 1.0784, -0.3484);(1.4568, 0.8218, -0.2832);1,7428;1,7428
2,975811;1,110203;(1.3240, 1.0784, -0.3484);(1.4568, 0.8218, -0.2832);1,7428;1,7428
2,986896;1,110203;(1.3240, 1.0784, -0.3484);(1.4568, 0.8218, -0.2832);1,7428;1,7428
2,998777;1,110203;(1.3240, 1.0784, -0.3484);(1.4568, 0.8218, -0.2832);1,7428;1,7428
3,009056;1,110203;(1.3240, 1.0784, -0.3484);(1.4568, 0.8218, -0.2832);1,7428;1,7428
3,020386;1,110203;(1.3240, 1.0784, -0.3484);(1.4568, 0.8218, -0.2832);1,7428;1,7428
3,031771;1,110203;(1.3240, 1.0784, -0.3484);(1.4568, 0.8218, -0.2832);1,7428;1,7428
3,042568;1,110203;(1.3240, 1.0784, -0.3484);(1.4568, 0.8218, -0.2832);1,7428;1,7428
3,053718;1,110203;(1.3240, 1.0784, -0.3484);(1.4568, 0.8218, -0.2832);1,7428;1,7428
3,065075;1,110203;(1.3240, 1.0784, -0.3484);(1.4568, 0.8218, -0.2832);1,7428;1,7428
3,077192;1,110203;(1.3240, 1.0784, -0.3484);(1.4568, 0.8218, -0.2832);1,7428;1,7428
3,087049;1,110203;(1.3240, 1.0784, -0.3484);(1.4568, 0.8218, -0.2832);1,7428;1,7428
3,098286;1,110203;(1.3240, 1.0784, -0.3484);(1.4568, 0.8218, -0.2832);1,7428;1,7428
3,109367;1,110203;(1.3240, 1.0784, -0.3484);(1.4568, 0.8218, -0.2832);1,7428;1,7428
3,12031;1,110203;(1.3240, 1.0784, -0.3484);(1.4568, 0.8218, -0.2832);1,7428;1,7428
3,131735;1,110203;(1.3240, 1.0784, -0.3484);(1.4568, 0.8218, -0.2832);1,7428;1,7428
3,142794;1,110203;(1.3240, 1.0784, -0.3484);(1.4568, 0.8218, -0.2832);1,7428;1,7428
3,153929;1,110203;(1.3240, 1.0784, -0.3484);(1.4568, 0.8218, -0.2832);1,7428;1,7428
3,16504;1,110203;(1.3240, 1.0784, -0.3484);(1.4568, 0.8218, -0.2832);1,7428;1,7428
3,176193;1,110203;(1.3240, 1.0784, -0.3484);(1.4568, 0.8218, -0.2832);1,7428;1,7428
3,187263;1,110203;(1.3240, 1.0784, -0.3484);(1.4568, 0.8218, -0.2832);1,7428;1,7428
3,201574;1,110203;(1.3240, 1.0784, -0.3484);(1.4568, 0.8218, -0.2832);1,7428;1,7428
3,216251;1,110203;(1.3240, 1.0784, -0.3484);(1.4568, 0.8218, -0.2832);1,7428;1,7428
3,227067;1,110203;(1.3240, 1.0784, -0.3484);(1.4568, 0.8218, -0.2832);1,7428;1,7428
3,238978;1,110203;(1.3240, 1.0784, -0.3484);(1.4568, 0.8218, -0.2832);1,7428;1,7428
3,249453;1,110203;(1.3240, 1.0784, -0.3484);(1.4568, 0.8218, -0.2832);1,7428;1,7428
3,260461;1,110203;(1.3240, 1.0784, -0.3484);(1.4568, 0.8218, -0.2832);1,7428;1,7428
3,27155;1,110203;(1.3240, 1.0784, -0.3484);(1.4568, 0.8218, -0.2832);1,7428;1,7428
3,283536;1,110203;(1.3240, 1.0784, -0.3484);(1.4568, 0.8218, -0.2832);1,7428;1,7428
3,293735;1,110203;(1.3240, 1.0784, -0.3484);(1.4568, 0.8218, -0.2832);1,7428;1,7428
3,304942;1,110203;(1.3240, 1.0784, -0.3484);(1.4568, 0.8218, -0.2832);1,7428;1,7428
3,316028;1,110203;(1.3240, 1.0784, -0.3484);(1.4568, 0.8218, -0.2832);1,7428;1,7428
3,327138;1,110203;(1.3240, 1.0784, -0.3484);(1.4568, 0.8218, -0.2832);1,7428;1,7428
3,338403;1,110203;(1.3240, 1.0784, -0.3484);(1.4568, 0.8218, -0.2832);1,7428;1,7428
3,34941;1,110203;(1.3240, 1.0784, -0.3484);(1.4568, 0.8218, -0.2832);1,7428;1,7428
3,360443;1,110203;(1.3240, 1.0784, -0.3484);(1.4568, 0.8218, -0.2832);1,7428;1,7428
3,371657;1,110203;(1.3240, 1.0784, -0.3484);(1.4568, 0.8218, -0.2832);1,7428;1,7428
3,382814;1,110203;(1.3240, 1.0784, -0.3484);(1.4568, 0.8218, -0.2832);1,7428;1,7428
3,393862;1,110203;(1.3240, 1.0784, -0.3484);(1.4568, 0.8218, -0.2832);1,7428;1,7428
3,405012;1,110203;(1.3240, 1.0784, -0.3484);(1.4568, 0.8218, -0.2832);1,7428;1,7428
3,416065;1,110203;(1.3240, 1.0784, -0.3484);(1.4568, 0.8218, -0.2832);1,7428;1,7428
3,427372;1,110203;(1.3240, 1.0784, -0.3484);(1.4568, 0.8218, -0.2832);1,7428;1,7428
3,438382;1,110203;(1.3240, 1.0784, -0.3484);(1.4568, 0.8218, -0.2832);1,7428;1,7428
3,449598;1,110203;(1.3240, 1.0784, -0.3484);(1.4568, 0.8218, -0.2832);1,7428;1,7428
3,460621;1,110203;(1.3240, 1.0784, -0.3484);(1.4568, 0.8218, -0.2832);1,7428;1,7428
3,471801;1,110203;(1.3240, 1.0784, -0.3484);(1.4568, 0.8218, -0.2832);1,7428;1,7428
3,484204;1,110203;(1.3240, 1.0784, -0.3484);(1.4568, 0.8218, -0.2832);1,7428;1,7428
3,494238;1,110203;(1.3240, 1.0784, -0.3484);(1.4568, 0.8218, -0.2832);1,7428;1,7428
3,50522;1,110203;(1.3240, 1.0784, -0.3484);(1.4568, 0.8218, -0.2832);1,7428;1,7428
3,516228;1,110203;(1.3240, 1.0784, -0.3484);(1.4568, 0.8218, -0.2832);1,7428;1,7428
3,527368;1,110203;(1.3240, 1.0784, -0.3484);(1.4568, 0.8218, -0.2832);1,7428;1,7428
3,53852;1,110203;(1.3240, 1.0784, -0.3484);(1.4568, 0.8218, -0.2832);1,7428;1,7428
3,54972;1,110203;(1.3240, 1.0784, -0.3484);(1.4568, 0.8218, -0.2832);1,7428;1,7428
3,560802;1,110203;(1.3240, 1.0784, -0.3484);(1.4568, 0.8218, -0.2832);1,7428;1,7428
3,57189;1,110203;(1.3240, 1.0784, -0.3484);(1.4568, 0.8218, -0.2832);1,7428;1,7428
3,582955;1,110203;(1.3240, 1.0784, -0.3484);(1.4568, 0.8218, -0.2832);1,7428;1,7428
3,59395;1,110203;(1.3240, 1.0784, -0.3484);(1.4568, 0.8218, -0.2832);1,7428;1,7428
3,605073;1,110203;(1.3240, 1.0784, -0.3484);(1.4568, 0.8218, -0.2832);1,7428;1,7428
3,616075;1,110203;(1.3240, 1.0784, -0.3484);(1.4568, 0.8218, -0.2832);1,7428;1,7428
3,627235;1,110203;(1.3240, 1.0784, -0.3484);(1.4568, 0.8218, -0.2832);1,7428;1,7428
3,638228;1,110203;(1.3240, 1.0784, -0.3484);(1.4568, 0.8218, -0.2832);1,7428;1,7428
3,649384;1,110203;(1.3240, 1.0784, -0.3484);(1.4568, 0.8218, -0.2832);1,7428;1,7428
3,66006;1,110203;(1.3240, 1.0784, -0.3484);(1.4568, 0.8218, -0.2832);1,7428;1,7428
3,671157;1,110203;(1.3240, 1.0784, -0.3484);(1.4568, 0.8218, -0.2832);1,7428;1,7428
3,6821;1,110203;(1.3240, 1.0784, -0.3484);(1.4568, 0.8218, -0.2832);1,7428;1,7428
3,694737;1,110203;(1.3240, 1.0784, -0.3484);(1.4568, 0.8218, -0.2832);1,7428;1,7428
3,704319;1,110203;(1.3240, 1.0784, -0.3484);(1.4568, 0.8218, -0.2832);1,7428;1,7428
3,715637;1,110203;(1.3240, 1.0784, -0.3484);(1.4568, 0.8218, -0.2832);1,7428;1,7428
3,726785;1,110203;(1.3240, 1.0784, -0.3484);(1.4568, 0.8218, -0.2832);1,7428;1,7428
3,73796;1,110203;(1.3240, 1.0784, -0.3484);(1.4568, 0.8218, -0.2832);1,7428;1,7428
3,749273;1,110203;(1.3240, 1.0784, -0.3484);(1.4568, 0.8218, -0.2832);1,7428;1,7428
3,760233;1,110203;(1.3240, 1.0784, -0.3484);(1.4568, 0.8218, -0.2832);1,7428;1,7428
3,771414;1,110203;(1.3240, 1.0784, -0.3484);(1.4568, 0.8218, -0.2832);1,7428;1,7428
3,782565;1,110203;(1.3240, 1.0784, -0.3484);(1.4568, 0.8218, -0.2832);1,7428;1,7428
3,793724;1,110203;(1.3240, 1.0784, -0.3484);(1.4568, 0.8218, -0.2832);1,7428;1,7428
3,805029;1,110203;(1.3240, 1.0784, -0.3484);(1.4568, 0.8218, -0.2832);1,7428;1,7428
3,816129;1,110203;(1.3240, 1.0784, -0.3484);(1.4568, 0.8218, -0.2832);1,7428;1,7428
3,827204;1,110203;(1.3240, 1.0784, -0.3484);(1.4568, 0.8218, -0.2832);1,7428;1,7428
3,838327;1,110203;(1.3240, 1.0784, -0.3484);(1.4568, 0.8218, -0.2832);1,7428;1,7428
3,84938;1,110203;(1.3240, 1.0784, -0.3484);(1.4568, 0.8218, -0.2832);1,7428;1,7428
3,860583;1,110203;(1.3240, 1.0784, -0.3484);(1.4568, 0.8218, -0.2832);1,7428;1,7428
3,871488;1,110203;(1.3240, 1.0784, -0.3484);(1.4568, 0.8218, -0.2832);1,7428;1,7428
3,882705;1,110203;(1.3240, 1.0784, -0.3484);(1.4568, 0.8218, -0.2832);1,7428;1,7428
3,895058;1,110203;(1.3240, 1.0784, -0.3484);(1.4568, 0.8218, -0.2832);1,7428;1,7428
3,904737;1,110203;(1.3240, 1.0784, -0.3484);(1.4568, 0.8218, -0.2832);1,7428;1,7428
3,91587;1,110203;(1.3240, 1.0784, -0.3484);(1.4568, 0.8218, -0.2832);1,7428;1,7428
3,926903;1,110203;(1.3240, 1.0784, -0.3484);(1.4568, 0.8218, -0.2832);1,7428;1,7428
3,937999;1,110203;(1.3240, 1.0784, -0.3484);(1.4568, 0.8218, -0.2832);1,7428;1,7428
3,949067;1,110203;(1.3240, 1.0784, -0.3484);(1.4568, 0.8218, -0.2832);1,7428;1,7428
3,960369;1,110203;(1.3240, 1.0784, -0.3484);(1.4568, 0.8218, -0.2832);1,7428;1,7428
3,971312;1,110203;(1.3240, 1.0784, -0.3484);(1.4568, 0.8218, -0.2832);1,7428;1,7428
3,982378;1,110203;(1.3240, 1.0784, -0.3484);(1.4568, 0.8218, -0.2832);1,7428;1,7428
3,993445;1,110203;(1.3240, 1.0784, -0.3484);(1.4568, 0.8218, -0.2832);1,7428;1,7428
4,004549;1,110203;(1.3240, 1.0784, -0.3484);(1.4568, 0.8218, -0.2832);1,7428;1,7428
4,015634;1,110203;(1.3240, 1.0784, -0.3484);(1.4568, 0.8218, -0.2832);1,7428;1,7428
4,026743;1,110203;(1.3240, 1.0784, -0.3484);(1.4568, 0.8218, -0.2832);1,7428;1,7428
4,037832;1,110203;(1.3240, 1.0784, -0.3484);(1.4568, 0.8218, -0.2832);1,7428;1,7428
4,049093;1,110203;(1.3240, 1.0784, -0.3484);(1.4568, 0.8218, -0.2832);1,7428;1,7428
4,060345;1,110203;(1.3240, 1.0784, -0.3484);(1.4568, 0.8218, -0.2832);1,7428;1,7428
4,071452;1,110203;(1.3240, 1.0784, -0.3484);(1.4568, 0.8218, -0.2832);1,7428;1,7428
4,082398;1,110203;(1.3240, 1.0784, -0.3484);(1.4568, 0.8218, -0.2832);1,7428;1,7428
4,093599;1,110203;(1.3240, 1.0784, -0.3484);(1.4568, 0.8218, -0.2832);1,7428;1,7428
4,106232;1,110203;(1.3240, 1.0784, -0.3484);(1.4568, 0.8218, -0.2832);1,7428;1,7428
4,115875;1,110203;(1.3240, 1.0784, -0.3484);(1.4568, 0.8218, -0.2832);1,7428;1,7428
4,126829;1,110203;(1.3240, 1.0784, -0.3484);(1.4568, 0.8218, -0.2832);1,7428;1,7428
4,137988;1,110203;(1.3240, 1.0784, -0.3484);(1.4568, 0.8218, -0.2832);1,7428;1,7428
4,149068;1,110203;(1.3240, 1.0784, -0.3484);(1.4568, 0.8218, -0.2832);1,7428;1,7428
4,160162;1,110203;(1.3240, 1.0784, -0.3484);(1.4568, 0.8218, -0.2832);1,7428;1,7428
4,171512;1,110203;(1.3240, 1.0784, -0.3484);(1.4568, 0.8218, -0.2832);1,7428;1,7428
4,1826;1,110203;(1.3240, 1.0784, -0.3484);(1.4568, 0.8218, -0.2832);1,7428;1,7428
4,193735;1,110203;(1.3240, 1.0784, -0.3484);(1.4568, 0.8218, -0.2832);1,7428;1,7428
4,204837;1,110203;(1.3240, 1.0784, -0.3484);(1.4568, 0.8218, -0.2832);1,7428;1,7428
4,216059;1,110203;(1.3240, 1.0784, -0.3484);(1.4568, 0.8218, -0.2832);1,7428;1,7428
4,227153;1,110203;(1.3240, 1.0784, -0.3484);(1.4568, 0.8218, -0.2832);1,7428;1,7428
4,238267;1,110203;(1.3240, 1.0784, -0.3484);(1.4568, 0.8218, -0.2832);1,7428;1,7428
4,24939;1,110203;(1.3240, 1.0784, -0.3484);(1.4568, 0.8218, -0.2832);1,7428;1,7428
4,260417;1,110203;(1.3240, 1.0784, -0.3484);(1.4568, 0.8218, -0.2832);1,7428;1,7428
4,271618;1,110203;(1.3240, 1.0784, -0.3484);(1.4568, 0.8218, -0.2832);1,7428;1,7428
4,282644;1,110203;(1.3240, 1.0784, -0.3484);(1.4568, 0.8218, -0.2832);1,7428;1,7428
4,293863;1,110203;(1.3240, 1.0784, -0.3484);(1.4568, 0.8218, -0.2832);1,7428;1,7428
4,306028;1,110203;(1.3240, 1.0784, -0.3484);(1.4568, 0.8218, -0.2832);1,7428;1,7428
4,315949;1,110203;(1.3240, 1.0784, -0.3484);(1.4568, 0.8218, -0.2832);1,7428;1,7428
4,327263;1,110203;(1.3240, 1.0784, -0.3484);(1.4568, 0.8218, -0.2832);1,7428;1,7428
4,338385;1,110203;(1.3240, 1.0784, -0.3484);(1.4568, 0.8218, -0.2832);1,7428;1,7428
4,349475;1,110203;(1.3240, 1.0784, -0.3484);(1.4568, 0.8218, -0.2832);1,7428;1,7428
4,361187;1,110203;(1.3240, 1.0784, -0.3484);(1.4568, 0.8218, -0.2832);1,7428;1,7428
4,371498;1,110203;(1.3240, 1.0784, -0.3484);(1.4568, 0.8218, -0.2832);1,7428;1,7428
4,382342;1,110203;(1.3240, 1.0784, -0.3484);(1.4568, 0.8218, -0.2832);1,7428;1,7428
4,393407;1,110203;(1.3240, 1.0784, -0.3484);(1.4568, 0.8218, -0.2832);1,7428;1,7428
4,404488;1,110203;(1.3240, 1.0784, -0.3484);(1.4568, 0.8218, -0.2832);1,7428;1,7428
4,4155;1,110203;(1.3240, 1.0784, -0.3484);(1.4568, 0.8218, -0.2832);1,7428;1,7428
4,426611;1,110203;(1.3240, 1.0784, -0.3484);(1.4568, 0.8218, -0.2832);1,7428;1,7428
4,43767;1,110203;(1.3240, 1.0784, -0.3484);(1.4568, 0.8218, -0.2832);1,7428;1,7428
4,448905;1,110203;(1.3240, 1.0784, -0.3484);(1.4568, 0.8218, -0.2832);1,7428;1,7428
4,459834;1,110203;(1.3240, 1.0784, -0.3484);(1.4568, 0.8218, -0.2832);1,7428;1,7428
4,470954;1,110203;(1.3240, 1.0784, -0.3484);(1.4568, 0.8218, -0.2832);1,7428;1,7428
4,482113;1,110203;(1.3240, 1.0784, -0.3484);(1.4568, 0.8218, -0.2832);1,7428;1,7428
4,493325;1,110203;(1.3240, 1.0784, -0.3484);(1.4568, 0.8218, -0.2832);1,7428;1,7428
4,504614;1,110203;(1.3240, 1.0784, -0.3484);(1.4568, 0.8218, -0.2832);1,7428;1,7428
4,516809;1,110203;(1.3240, 1.0784, -0.3484);(1.4568, 0.8218, -0.2832);1,7428;1,7428
4,526635;1,110203;(1.3240, 1.0784, -0.3484);(1.4568, 0.8218, -0.2832);1,7428;1,7428
4,537888;1,110203;(1.3240, 1.0784, -0.3484);(1.4568, 0.8218, -0.2832);1,7428;1,7428
4,54902;1,110203;(1.3240, 1.0784, -0.3484);(1.4568, 0.8218, -0.2832);1,7428;1,7428
4,56018;1,110203;(1.3240, 1.0784, -0.3484);(1.4568, 0.8218, -0.2832);1,7428;1,7428
4,571133;1,110203;(1.3240, 1.0784, -0.3484);(1.4568, 0.8218, -0.2832);1,7428;1,7428
4,582302;1,110203;(1.3240, 1.0784, -0.3484);(1.4568, 0.8218, -0.2832);1,7428;1,7428
4,593115;1,110203;(1.3240, 1.0784, -0.3484);(1.4568, 0.8218, -0.2832);1,7428;1,7428
4,6045;1,110203;(1.3240, 1.0784, -0.3484);(1.4568, 0.8218, -0.2832);1,7428;1,7428
4,615376;1,110203;(1.3240, 1.0784, -0.3484);(1.4568, 0.8218, -0.2832);1,7428;1,7428
4,62641;1,110203;(1.3240, 1.0784, -0.3484);(1.4568, 0.8218, -0.2832);1,7428;1,7428
4,637581;1,110203;(1.3240, 1.0784, -0.3484);(1.4568, 0.8218, -0.2832);1,7428;1,7428
4,648804;1,110203;(1.3240, 1.0784, -0.3484);(1.4568, 0.8218, -0.2832);1,7428;1,7428
4,65996;1,110203;(1.3240, 1.0784, -0.3484);(1.4568, 0.8218, -0.2832);1,7428;1,7428
4,670959;1,110203;(1.3240, 1.0784, -0.3484);(1.4568, 0.8218, -0.2832);1,7428;1,7428
4,682099;1,110203;(1.3240, 1.0784, -0.3484);(1.4568, 0.8218, -0.2832);1,7428;1,7428
4,693224;1,110203;(1.3240, 1.0784, -0.3484);(1.4568, 0.8218, -0.2832);1,7428;1,7428
4,704449;1,110203;(1.3240, 1.0784, -0.3484);(1.4568, 0.8218, -0.2832);1,7428;1,7428
4,715747;1,110203;(1.3240, 1.0784, -0.3484);(1.4568, 0.8218, -0.2832);1,7428;1,7428
4,728365;1,110203;(1.3240, 1.0784, -0.3484);(1.4568, 0.8218, -0.2832);1,7428;1,7428
4,737909;1,110203;(1.3240, 1.0784, -0.3484);(1.4568, 0.8218, -0.2832);1,7428;1,7428
4,749155;1,110203;(1.3240, 1.0784, -0.3484);(1.4568, 0.8218, -0.2832);1,7428;1,7428
4,760201;1,110203;(1.3240, 1.0784, -0.3484);(1.4568, 0.8218, -0.2832);1,7428;1,7428
4,771295;1,110203;(1.3240, 1.0784, -0.3484);(1.4568, 0.8218, -0.2832);1,7428;1,7428
4,782607;1,110203;(1.3240, 1.0784, -0.3484);(1.4568, 0.8218, -0.2832);1,7428;1,7428
4,79152;1,110203;(1.3240, 1.0784, -0.3484);(1.4568, 0.8218, -0.2832);1,7428;1,7428
4,808247;1,110203;(1.3240, 1.0784, -0.3484);(1.4568, 0.8218, -0.2832);1,7428;1,7428
4,808247;1,110203;(1.3240, 1.0784, -0.3484);(1.4568, 0.8218, -0.2832);1,7428;1,7428
4,808247;1,110203;(1.3240, 1.0784, -0.3484);(1.4568, 0.8218, -0.2832);1,7428;1,7428
4,832864;1,110203;(1.3240, 1.0784, -0.3484);(1.4568, 0.8218, -0.2832);1,7428;1,7428
4,832864;1,110203;(1.3240, 1.0784, -0.3484);(1.4568, 0.8218, -0.2832);1,7428;1,7428
4,861401;1,110203;(1.3240, 1.0784, -0.3484);(1.4568, 0.8218, -0.2832);1,7428;1,7428
4,861401;1,110203;(1.3240, 1.0784, -0.3484);(1.4568, 0.8218, -0.2832);1,7428;1,7428
4,878586;1,110203;(1.3240, 1.0784, -0.3484);(1.4568, 0.8218, -0.2832);1,7428;1,7428
4,897413;1,110203;(1.3240, 1.0784, -0.3484);(1.4568, 0.8218, -0.2832);1,7428;1,7428
4,897413;1,110203;(1.3240, 1.0784, -0.3484);(1.4568, 0.8218, -0.2832);1,7428;1,7428
4,910794;1,110203;(1.3240, 1.0784, -0.3484);(1.4568, 0.8218, -0.2832);1,7428;1,7428
4,910794;1,110203;(1.3240, 1.0784, -0.3484);(1.4568, 0.8218, -0.2832);1,7428;1,7428
4,932142;1,110203;(1.3240, 1.0784, -0.3484);(1.4568, 0.8218, -0.2832);1,7428;1,7428
4,932142;1,110203;(1.3240, 1.0784, -0.3484);(1.4568, 0.8218, -0.2832);1,7428;1,7428
4,954473;1,110203;(1.3240, 1.0784, -0.3484);(1.4568, 0.8218, -0.2832);1,7428;1,7428
4,971384;1,110203;(1.3240, 1.0784, -0.3484);(1.4568, 0.8218, -0.2832);1,7428;1,7428
4,971384;1,110203;(1.3240, 1.0784, -0.3484);(1.4568, 0.8218, -0.2832);1,7428;1,7428
4,993247;1,110203;(1.3240, 1.0784, -0.3484);(1.4568, 0.8218, -0.2832);1,7428;1,7428
4,993247;1,110203;(1.3240, 1.0784, -0.3484);(1.4568, 0.8218, -0.2832);1,7428;1,7428
5,015499;1,110203;(1.3240, 1.0784, -0.3484);(1.4568, 0.8218, -0.2832);1,7428;1,7428
5,015499;1,110203;(1.3240, 1.0784, -0.3484);(1.4568, 0.8218, -0.2832);1,7428;1,7428
5,037685;1,110203;(1.3240, 1.0784, -0.3484);(1.4568, 0.8218, -0.2832);1,7428;1,7428
5,037685;1,110203;(1.3240, 1.0784, -0.3484);(1.4568, 0.8218, -0.2832);1,7428;1,7428
5,059976;1,110203;(1.3240, 1.0784, -0.3484);(1.4568, 0.8218, -0.2832);1,7428;1,7428
5,059976;1,110203;(1.3240, 1.0784, -0.3484);(1.4568, 0.8218, -0.2832);1,7428;1,7428
5,082177;1,110203;(1.3240, 1.0784, -0.3484);(1.4568, 0.8218, -0.2832);1,7428;1,7428
5,082177;1,110203;(1.3240, 1.0784, -0.3484);(1.4568, 0.8218, -0.2832);1,7428;1,7428
5,104417;1,110203;(1.3240, 1.0784, -0.3484);(1.4568, 0.8218, -0.2832);1,7428;1,7428
5,104417;1,110203;(1.3240, 1.0784, -0.3484);(1.4568, 0.8218, -0.2832);1,7428;1,7428
5,126591;1,110203;(1.3240, 1.0784, -0.3484);(1.4568, 0.8218, -0.2832);1,7428;1,7428
5,126591;1,110203;(1.3240, 1.0784, -0.3484);(1.4568, 0.8218, -0.2832);1,7428;1,7428
5,148827;1,110203;(1.3240, 1.0784, -0.3484);(1.4568, 0.8218, -0.2832);1,7428;1,7428
5,148827;1,110203;(1.3240, 1.0784, -0.3484);(1.4568, 0.8218, -0.2832);1,7428;1,7428
5,171912;1,110203;(1.3240, 1.0784, -0.3484);(1.4568, 0.8218, -0.2832);1,7428;1,7428
5,171912;1,110203;(1.3240, 1.0784, -0.3484);(1.4568, 0.8218, -0.2832);1,7428;1,7428
5,193242;1,110203;(1.3240, 1.0784, -0.3484);(1.4568, 0.8218, -0.2832);1,7428;1,7428
5,193242;1,110203;(1.3240, 1.0784, -0.3484);(1.4568, 0.8218, -0.2832);1,7428;1,7428
5,215464;1,110203;(1.3240, 1.0784, -0.3484);(1.4568, 0.8218, -0.2832);1,7428;1,7428
5,215464;1,110203;(1.3240, 1.0784, -0.3484);(1.4568, 0.8218, -0.2832);1,7428;1,7428
5,237638;1,110203;(1.3240, 1.0784, -0.3484);(1.4568, 0.8218, -0.2832);1,7428;1,7428
5,237638;1,110203;(1.3240, 1.0784, -0.3484);(1.4568, 0.8218, -0.2832);1,7428;1,7428
5,260461;1,110203;(1.3240, 1.0784, -0.3484);(1.4568, 0.8218, -0.2832);1,7428;1,7428
5,260461;1,110203;(1.3240, 1.0784, -0.3484);(1.4568, 0.8218, -0.2832);1,7428;1,7428
5,282094;1,110203;(1.3240, 1.0784, -0.3484);(1.4568, 0.8218, -0.2832);1,7428;1,7428
5,282094;1,110203;(1.3240, 1.0784, -0.3484);(1.4568, 0.8218, -0.2832);1,7428;1,7428
5,304299;1,110203;(1.3240, 1.0784, -0.3484);(1.4568, 0.8218, -0.2832);1,7428;1,7428
5,304299;1,110203;(1.3240, 1.0784, -0.3484);(1.4568, 0.8218, -0.2832);1,7428;1,7428
5,326522;1,110203;(1.3240, 1.0784, -0.3484);(1.4568, 0.8218, -0.2832);1,7428;1,7428
5,326522;1,110203;(1.3240, 1.0784, -0.3484);(1.4568, 0.8218, -0.2832);1,7428;1,7428
5,348768;1,110203;(1.3240, 1.0784, -0.3484);(1.4568, 0.8218, -0.2832);1,7428;1,7428
5,348768;1,110203;(1.3240, 1.0784, -0.3484);(1.4568, 0.8218, -0.2832);1,7428;1,7428
5,371003;-0,1650497;(0.2789, 1.3195, -1.0383);(1.4568, 0.8218, -0.2832);1,7020;1,7020
5,371003;-0,1650497;(0.2789, 1.3195, -1.0383);(1.4568, 0.8218, -0.2832);1,7020;1,7020
5,395141;-0,1590557;(0.2807, 1.3252, -1.0383);(1.4568, 0.8218, -0.2832);1,7067;1,7067
5,395141;-0,1590557;(0.2807, 1.3252, -1.0383);(1.4568, 0.8218, -0.2832);1,7067;1,7067
5,415534;-0,1555896;(0.2828, 1.3279, -1.0385);(1.4568, 0.8218, -0.2832);1,7093;1,7093
5,415534;-0,1555896;(0.2828, 1.3279, -1.0385);(1.4568, 0.8218, -0.2832);1,7093;1,7093
5,438179;-0,1531976;(0.2829, 1.3303, -1.0382);(1.4568, 0.8218, -0.2832);1,7110;1,7110
5,4488;-0,1512177;(0.2819, 1.3320, -1.0382);(1.4568, 0.8218, -0.2832);1,7122;1,7122
5,460834;-0,1547129;(0.2838, 1.3295, -1.0398);(1.4568, 0.8218, -0.2832);1,7116;1,7116
5,471516;-0,1525661;(0.2825, 1.3313, -1.0398);(1.4568, 0.8218, -0.2832);1,7127;1,7127
5,483026;-0,1469145;(0.2796, 1.3291, -1.0441);(1.4568, 0.8218, -0.2832);1,7131;1,7131
5,494245;-0,1444969;(0.2776, 1.3304, -1.0438);(1.4568, 0.8218, -0.2832);1,7136;1,7136
5,505514;-0,1365276;(0.2741, 1.3273, -1.0503);(1.4568, 0.8218, -0.2832);1,7146;1,7146
5,517008;-0,1348926;(0.2726, 1.3277, -1.0508);(1.4568, 0.8218, -0.2832);1,7150;1,7150
5,528231;-0,1265525;(0.2689, 1.3244, -1.0575);(1.4568, 0.8218, -0.2832);1,7160;1,7160
5,528231;-0,1265525;(0.2689, 1.3244, -1.0575);(1.4568, 0.8218, -0.2832);1,7160;1,7160
5,550805;-0,1227117;(0.2655, 1.3249, -1.0590);(1.4568, 0.8218, -0.2832);1,7168;1,7168
5,562271;-0,1167254;(0.2612, 1.3246, -1.0632);(1.4568, 0.8218, -0.2832);1,7185;1,7185
5,5741;-0,1154662;(0.2606, 1.3252, -1.0642);(1.4568, 0.8218, -0.2832);1,7194;1,7194
5,586261;-0,1132842;(0.2588, 1.3257, -1.0653);(1.4568, 0.8218, -0.2832);1,7203;1,7203
5,596761;-0,1127506;(0.2593, 1.3257, -1.0655);(1.4568, 0.8218, -0.2832);1,7205;1,7205
5,608361;-0,1163696;(0.2604, 1.3269, -1.0623);(1.4568, 0.8218, -0.2832);1,7196;1,7196
5,619888;-0,1264583;(0.2639, 1.3306, -1.0536);(1.4568, 0.8218, -0.2832);1,7176;1,7176
5,619888;-0,1264583;(0.2639, 1.3306, -1.0536);(1.4568, 0.8218, -0.2832);1,7176;1,7176
5,63131;-0,1286109;(0.2657, 1.3303, -1.0524);(1.4568, 0.8218, -0.2832);1,7169;1,7169
5,642845;-0,130524;(0.2670, 1.3298, -1.0510);(1.4568, 0.8218, -0.2832);1,7159;1,7159
5,654463;-0,1323914;(0.2678, 1.3296, -1.0494);(1.4568, 0.8218, -0.2832);1,7149;1,7149
5,665841;-0,1456348;(0.2703, 1.3359, -1.0380);(1.4568, 0.8218, -0.2832);1,7132;1,7132
5,677396;-0,1482464;(0.2703, 1.3365, -1.0354);(1.4568, 0.8218, -0.2832);1,7121;1,7121
5,689032;-0,1499219;(0.2688, 1.3357, -1.0357);(1.4568, 0.8218, -0.2832);1,7115;1,7115
5,705074;-0,1525471;(0.2674, 1.3346, -1.0375);(1.4568, 0.8218, -0.2832);1,7114;1,7114
5,7118;-0,1543427;(0.2658, 1.3348, -1.0368);(1.4568, 0.8218, -0.2832);1,7110;1,7110
5,723491;-0,150013;(0.2633, 1.3334, -1.0401);(1.4568, 0.8218, -0.2832);1,7114;1,7114
5,735065;-0,1480157;(0.2614, 1.3339, -1.0401);(1.4568, 0.8218, -0.2832);1,7115;1,7115
5,746499;-0,1421601;(0.2581, 1.3325, -1.0448);(1.4568, 0.8218, -0.2832);1,7128;1,7128
5,757999;-0,1402451;(0.2563, 1.3332, -1.0449);(1.4568, 0.8218, -0.2832);1,7131;1,7131
5,769518;-0,1357185;(0.2535, 1.3328, -1.0484);(1.4568, 0.8218, -0.2832);1,7146;1,7146
5,780709;-0,1333235;(0.2516, 1.3332, -1.0498);(1.4568, 0.8218, -0.2832);1,7155;1,7155
5,793794;-0,131429;(0.2501, 1.3343, -1.0500);(1.4568, 0.8218, -0.2832);1,7162;1,7162
5,803439;-0,1300642;(0.2500, 1.3339, -1.0513);(1.4568, 0.8218, -0.2832);1,7167;1,7167
5,814842;-0,1288954;(0.2491, 1.3346, -1.0513);(1.4568, 0.8218, -0.2832);1,7172;1,7172
5,825696;-0,1276897;(0.2483, 1.3355, -1.0512);(1.4568, 0.8218, -0.2832);1,7176;1,7176
5,837242;-0,1267938;(0.2478, 1.3363, -1.0511);(1.4568, 0.8218, -0.2832);1,7181;1,7181
5,849069;-0,1243584;(0.2478, 1.3379, -1.0492);(1.4568, 0.8218, -0.2832);1,7182;1,7182
5,863883;-0,123255;(0.2473, 1.3387, -1.0487);(1.4568, 0.8218, -0.2832);1,7184;1,7184
5,870174;-0,1265624;(0.2473, 1.3406, -1.0460);(1.4568, 0.8218, -0.2832);1,7183;1,7183
5,881314;-0,1242285;(0.2467, 1.3423, -1.0444);(1.4568, 0.8218, -0.2832);1,7185;1,7185
5,892402;-0,1222793;(0.2460, 1.3436, -1.0432);(1.4568, 0.8218, -0.2832);1,7188;1,7188
5,903488;-0,1195649;(0.2453, 1.3455, -1.0414);(1.4568, 0.8218, -0.2832);1,7191;1,7191
5,91463;-0,1176485;(0.2443, 1.3469, -1.0406);(1.4568, 0.8218, -0.2832);1,7195;1,7195
5,925831;-0,1160063;(0.2432, 1.3481, -1.0402);(1.4568, 0.8218, -0.2832);1,7201;1,7201
5,93723;-0,114288;(0.2419, 1.3492, -1.0403);(1.4568, 0.8218, -0.2832);1,7207;1,7207
5,947966;-0,1124271;(0.2403, 1.3498, -1.0409);(1.4568, 0.8218, -0.2832);1,7214;1,7214
5,959022;-0,1110103;(0.2390, 1.3504, -1.0408);(1.4568, 0.8218, -0.2832);1,7217;1,7217
5,970131;-0,1093167;(0.2375, 1.3503, -1.0415);(1.4568, 0.8218, -0.2832);1,7217;1,7217
5,981206;-0,1075185;(0.2360, 1.3500, -1.0425);(1.4568, 0.8218, -0.2832);1,7220;1,7220
5,993342;-0,1093221;(0.2343, 1.3494, -1.0430);(1.4568, 0.8218, -0.2832);1,7215;1,7215
6,003495;-0,1111359;(0.2332, 1.3496, -1.0415);(1.4568, 0.8218, -0.2832);1,7207;1,7207
6,01978;-0,113112;(0.2314, 1.3490, -1.0409);(1.4568, 0.8218, -0.2832);1,7196;1,7196
6,02563;-0,1152496;(0.2301, 1.3489, -1.0392);(1.4568, 0.8218, -0.2832);1,7183;1,7183
6,036885;-0,1177941;(0.2286, 1.3478, -1.0375);(1.4568, 0.8218, -0.2832);1,7161;1,7161
6,048024;-0,1208012;(0.2270, 1.3465, -1.0353);(1.4568, 0.8218, -0.2832);1,7136;1,7136
6,059005;-0,123894;(0.2255, 1.3450, -1.0330);(1.4568, 0.8218, -0.2832);1,7109;1,7109
6,070058;-0,1292395;(0.2244, 1.3427, -1.0284);(1.4568, 0.8218, -0.2832);1,7061;1,7061
6,081127;-0,1333426;(0.2227, 1.3402, -1.0256);(1.4568, 0.8218, -0.2832);1,7022;1,7022
6,092344;-0,1387632;(0.2213, 1.3364, -1.0220);(1.4568, 0.8218, -0.2832);1,6969;1,6969
6,10347;-0,144938;(0.2193, 1.3331, -1.0171);(1.4568, 0.8218, -0.2832);1,6911;1,6911
6,114719;-0,1511002;(0.2171, 1.3288, -1.0133);(1.4568, 0.8218, -0.2832);1,6851;1,6851
6,125817;-0,1580553;(0.2136, 1.3243, -1.0094);(1.4568, 0.8218, -0.2832);1,6787;1,6787
6,137053;-0,1647904;(0.2105, 1.3192, -1.0062);(1.4568, 0.8218, -0.2832);1,6724;1,6724
6,147896;-0,1726012;(0.2065, 1.3137, -1.0024);(1.4568, 0.8218, -0.2832);1,6653;1,6653
6,159087;-0,1796332;(0.2027, 1.3083, -0.9999);(1.4568, 0.8218, -0.2832);1,6591;1,6591
6,174563;-0,1869436;(0.1990, 1.3039, -0.9954);(1.4568, 0.8218, -0.2832);1,6524;1,6524
6,181059;-0,1937193;(0.1962, 1.2998, -0.9908);(1.4568, 0.8218, -0.2832);1,6461;1,6461
6,192263;-0,1997962;(0.1929, 1.2950, -0.9891);(1.4568, 0.8218, -0.2832);1,6409;1,6409
6,204418;-0,2056523;(0.1896, 1.2904, -0.9875);(1.4568, 0.8218, -0.2832);1,6359;1,6359
6,214436;-0,2108539;(0.1872, 1.2859, -0.9864);(1.4568, 0.8218, -0.2832);1,6315;1,6315
6,225811;-0,2195469;(0.1860, 1.2831, -0.9783);(1.4568, 0.8218, -0.2832);1,6242;1,6242
6,236632;-0,2241364;(0.1855, 1.2789, -0.9765);(1.4568, 0.8218, -0.2832);1,6197;1,6197
6,247745;-0,2285808;(0.1861, 1.2750, -0.9746);(1.4568, 0.8218, -0.2832);1,6155;1,6155
6,258966;-0,2329827;(0.1870, 1.2711, -0.9727);(1.4568, 0.8218, -0.2832);1,6114;1,6114
6,269966;-0,241253;(0.1886, 1.2682, -0.9651);(1.4568, 0.8218, -0.2832);1,6048;1,6048
6,281055;-0,2456739;(0.1886, 1.2639, -0.9641);(1.4568, 0.8218, -0.2832);1,6008;1,6008
6,29218;-0,2497344;(0.1906, 1.2621, -0.9611);(1.4568, 0.8218, -0.2832);1,5978;1,5978
6,30329;-0,2535796;(0.1923, 1.2605, -0.9581);(1.4568, 0.8218, -0.2832);1,5949;1,5949
6,314465;-0,2583582;(0.1953, 1.2616, -0.9544);(1.4568, 0.8218, -0.2832);1,5940;1,5940
6,329497;-0,264362;(0.2002, 1.2603, -0.9512);(1.4568, 0.8218, -0.2832);1,5916;1,5916
6,336732;-0,2695629;(0.2042, 1.2614, -0.9481);(1.4568, 0.8218, -0.2832);1,5911;1,5911
6,347733;-0,2624158;(0.2098, 1.2640, -0.9444);(1.4568, 0.8218, -0.2832);1,5917;1,5917
6,358858;-0,2687877;(0.2160, 1.2631, -0.9434);(1.4568, 0.8218, -0.2832);1,5912;1,5912
6,370429;-0,2636686;(0.2205, 1.2641, -0.9412);(1.4568, 0.8218, -0.2832);1,5914;1,5914
6,380954;-0,2594837;(0.2247, 1.2638, -0.9415);(1.4568, 0.8218, -0.2832);1,5919;1,5919
6,392132;-0,2556775;(0.2283, 1.2641, -0.9404);(1.4568, 0.8218, -0.2832);1,5920;1,5920
6,403273;-0,2521029;(0.2311, 1.2629, -0.9423);(1.4568, 0.8218, -0.2832);1,5926;1,5926
6,415613;-0,2536468;(0.2323, 1.2619, -0.9421);(1.4568, 0.8218, -0.2832);1,5918;1,5918
6,425433;-0,2549962;(0.2328, 1.2608, -0.9415);(1.4568, 0.8218, -0.2832);1,5906;1,5906
6,436556;-0,256402;(0.2330, 1.2597, -0.9406);(1.4568, 0.8218, -0.2832);1,5893;1,5893
6,447667;-0,2511274;(0.2348, 1.2625, -0.9366);(1.4568, 0.8218, -0.2832);1,5895;1,5895
6,45879;-0,2536733;(0.2331, 1.2609, -0.9356);(1.4568, 0.8218, -0.2832);1,5873;1,5873
6,469956;-0,2580054;(0.2305, 1.2578, -0.9341);(1.4568, 0.8218, -0.2832);1,5836;1,5836
6,486072;-0,2657231;(0.2262, 1.2530, -0.9384);(1.4568, 0.8218, -0.2832);1,5817;1,5817
6,49199;-0,2714708;(0.2223, 1.2493, -0.9365);(1.4568, 0.8218, -0.2832);1,5771;1,5771
6,503214;-0,2773481;(0.2193, 1.2444, -0.9352);(1.4568, 0.8218, -0.2832);1,5720;1,5720
6,514324;-0,286994;(0.2154, 1.2366, -0.9393);(1.4568, 0.8218, -0.2832);1,5677;1,5677
6,525468;-0,2933148;(0.2120, 1.2315, -0.9409);(1.4568, 0.8218, -0.2832);1,5642;1,5642
6,536611;-0,2979073;(0.2107, 1.2273, -0.9396);(1.4568, 0.8218, -0.2832);1,5599;1,5599
6,547613;-0,3020953;(0.2090, 1.2237, -0.9383);(1.4568, 0.8218, -0.2832);1,5561;1,5561
6,558876;-0,30634;(0.2083, 1.2202, -0.9359);(1.4568, 0.8218, -0.2832);1,5519;1,5519
6,569839;-0,3112329;(0.2075, 1.2154, -0.9359);(1.4568, 0.8218, -0.2832);1,5480;1,5480
6,581001;-0,3157642;(0.2069, 1.2115, -0.9336);(1.4568, 0.8218, -0.2832);1,5435;1,5435
6,592367;-0,3213294;(0.2067, 1.2061, -0.9347);(1.4568, 0.8218, -0.2832);1,5398;1,5398
6,60332;-0,3264429;(0.2063, 1.2011, -0.9356);(1.4568, 0.8218, -0.2832);1,5364;1,5364
6,6142;-0,332404;(0.2046, 1.1959, -0.9379);(1.4568, 0.8218, -0.2832);1,5335;1,5335
6,627055;-0,3387335;(0.2026, 1.1904, -0.9404);(1.4568, 0.8218, -0.2832);1,5305;1,5305
6,641149;-0,3443818;(0.2027, 1.1854, -0.9431);(1.4568, 0.8218, -0.2832);1,5283;1,5283
6,64744;-0,3503581;(0.2015, 1.1804, -0.9461);(1.4568, 0.8218, -0.2832);1,5261;1,5261
6,658673;-0,355764;(0.2020, 1.1762, -0.9494);(1.4568, 0.8218, -0.2832);1,5250;1,5250
6,669888;-0,3614726;(0.2025, 1.1719, -0.9531);(1.4568, 0.8218, -0.2832);1,5241;1,5241
6,680976;-0,3669907;(0.2030, 1.1673, -0.9562);(1.4568, 0.8218, -0.2832);1,5226;1,5226
6,692131;-0,3715675;(0.2050, 1.1644, -0.9591);(1.4568, 0.8218, -0.2832);1,5224;1,5224
6,703115;-0,3672003;(0.2075, 1.1620, -0.9618);(1.4568, 0.8218, -0.2832);1,5226;1,5226
6,714302;-0,3625882;(0.2088, 1.1593, -0.9653);(1.4568, 0.8218, -0.2832);1,5230;1,5230
6,725291;-0,3586635;(0.2099, 1.1569, -0.9682);(1.4568, 0.8218, -0.2832);1,5231;1,5231
6,736385;-0,3556896;(0.2113, 1.1564, -0.9708);(1.4568, 0.8218, -0.2832);1,5246;1,5246
6,747419;-0,3525595;(0.2127, 1.1564, -0.9736);(1.4568, 0.8218, -0.2832);1,5266;1,5266
6,758629;-0,3486869;(0.2137, 1.1554, -0.9772);(1.4568, 0.8218, -0.2832);1,5282;1,5282
6,769771;-0,3440793;(0.2149, 1.1547, -0.9816);(1.4568, 0.8218, -0.2832);1,5307;1,5307
6,780905;-0,3389736;(0.2161, 1.1530, -0.9863);(1.4568, 0.8218, -0.2832);1,5326;1,5326
6,796871;-0,3351249;(0.2174, 1.1523, -0.9898);(1.4568, 0.8218, -0.2832);1,5345;1,5345
6,802965;-0,3308282;(0.2189, 1.1511, -0.9936);(1.4568, 0.8218, -0.2832);1,5363;1,5363
6,814275;-0,3276774;(0.2203, 1.1504, -0.9964);(1.4568, 0.8218, -0.2832);1,5378;1,5378
6,826616;-0,3238729;(0.2217, 1.1494, -0.9998);(1.4568, 0.8218, -0.2832);1,5394;1,5394
6,836552;-0,3212473;(0.2233, 1.1485, -1.0016);(1.4568, 0.8218, -0.2832);1,5402;1,5402
6,847445;-0,3177231;(0.2245, 1.1465, -1.0043);(1.4568, 0.8218, -0.2832);1,5406;1,5406
6,858531;-0,3215179;(0.2260, 1.1438, -1.0065);(1.4568, 0.8218, -0.2832);1,5402;1,5402
6,86968;-0,325398;(0.2281, 1.1405, -1.0069);(1.4568, 0.8218, -0.2832);1,5384;1,5384
6,880723;-0,3301091;(0.2297, 1.1370, -1.0096);(1.4568, 0.8218, -0.2832);1,5378;1,5378
6,89191;-0,335827;(0.2326, 1.1321, -1.0104);(1.4568, 0.8218, -0.2832);1,5351;1,5351
6,902932;-0,3424619;(0.2349, 1.1264, -1.0127);(1.4568, 0.8218, -0.2832);1,5328;1,5328
6,914001;-0,3497255;(0.2386, 1.1202, -1.0141);(1.4568, 0.8218, -0.2832);1,5298;1,5298
6,925373;-0,356222;(0.2414, 1.1154, -1.0173);(1.4568, 0.8218, -0.2832);1,5288;1,5288
6,936445;-0,3637424;(0.2451, 1.1095, -1.0202);(1.4568, 0.8218, -0.2832);1,5270;1,5270
6,952539;-0,3566158;(0.2471, 1.1050, -1.0254);(1.4568, 0.8218, -0.2832);1,5276;1,5276
6,958468;-0,3498961;(0.2484, 1.1009, -1.0305);(1.4568, 0.8218, -0.2832);1,5283;1,5283
6,969647;-0,3432112;(0.2498, 1.0970, -1.0358);(1.4568, 0.8218, -0.2832);1,5293;1,5293
6,980761;-0,3378687;(0.2504, 1.0935, -1.0398);(1.4568, 0.8218, -0.2832);1,5296;1,5296
6,991919;-0,3312111;(0.2506, 1.0899, -1.0454);(1.4568, 0.8218, -0.2832);1,5308;1,5308
7,002952;-0,324576;(0.2503, 1.0864, -1.0510);(1.4568, 0.8218, -0.2832);1,5321;1,5321
7,014353;-0,317901;(0.2500, 1.0828, -1.0566);(1.4568, 0.8218, -0.2832);1,5334;1,5334
7,026277;-0,3222899;(0.2505, 1.0796, -1.0596);(1.4568, 0.8218, -0.2832);1,5333;1,5333
7,036394;-0,3157602;(0.2500, 1.0761, -1.0651);(1.4568, 0.8218, -0.2832);1,5346;1,5346
7,047444;-0,3120874;(0.2510, 1.0735, -1.0675);(1.4568, 0.8218, -0.2832);1,5346;1,5346
7,058467;-0,3056069;(0.2497, 1.0703, -1.0729);(1.4568, 0.8218, -0.2832);1,5359;1,5359
7,069724;-0,2995881;(0.2486, 1.0669, -1.0778);(1.4568, 0.8218, -0.2832);1,5368;1,5368
7,080711;-0,2929267;(0.2478, 1.0631, -1.0832);(1.4568, 0.8218, -0.2832);1,5378;1,5378
7,091923;-0,2859995;(0.2471, 1.0594, -1.0891);(1.4568, 0.8218, -0.2832);1,5393;1,5393
7,107012;-0,2791551;(0.2475, 1.0554, -1.0946);(1.4568, 0.8218, -0.2832);1,5406;1,5406
7,114095;-0,2721601;(0.2475, 1.0517, -1.1005);(1.4568, 0.8218, -0.2832);1,5422;1,5422
7,12549;-0,2651589;(0.2478, 1.0474, -1.1060);(1.4568, 0.8218, -0.2832);1,5433;1,5433
7,136304;-0,267682;(0.2502, 1.0476, -1.1053);(1.4568, 0.8218, -0.2832);1,5433;1,5433
7,147511;-0,2597679;(0.2500, 1.0435, -1.1122);(1.4568, 0.8218, -0.2832);1,5454;1,5454
7,158631;-0,2517923;(0.2500, 1.0392, -1.1189);(1.4568, 0.8218, -0.2832);1,5474;1,5474
7,169644;-0,2446243;(0.2512, 1.0348, -1.1244);(1.4568, 0.8218, -0.2832);1,5486;1,5486
7,180755;-0,2374851;(0.2534, 1.0303, -1.1295);(1.4568, 0.8218, -0.2832);1,5497;1,5497
7,191816;-0,2290819;(0.2550, 1.0250, -1.1357);(1.4568, 0.8218, -0.2832);1,5509;1,5509
7,202986;-0,2200086;(0.2569, 1.0185, -1.1418);(1.4568, 0.8218, -0.2832);1,5514;1,5514
7,214043;-0,2114404;(0.2585, 1.0122, -1.1474);(1.4568, 0.8218, -0.2832);1,5517;1,5517
7,225423;-0,2022031;(0.2596, 1.0053, -1.1535);(1.4568, 0.8218, -0.2832);1,5519;1,5519
7,23842;-0,210498;(0.2609, 0.9990, -1.1587);(1.4568, 0.8218, -0.2832);1,5519;1,5519
7,24741;-0,2055319;(0.2624, 0.9955, -1.1619);(1.4568, 0.8218, -0.2832);1,5523;1,5523
7,26279;-0,1993001;(0.2637, 0.9912, -1.1662);(1.4568, 0.8218, -0.2832);1,5531;1,5531
7,26964;-0,1905996;(0.2646, 0.9865, -1.1735);(1.4568, 0.8218, -0.2832);1,5557;1,5557
7,280631;-0,1837317;(0.2660, 0.9828, -1.1791);(1.4568, 0.8218, -0.2832);1,5578;1,5578
7,291897;-0,1755967;(0.2672, 0.9782, -1.1857);(1.4568, 0.8218, -0.2832);1,5602;1,5602
7,303091;-0,1682231;(0.2694, 0.9744, -1.1916);(1.4568, 0.8218, -0.2832);1,5626;1,5626
7,314034;-0,160043;(0.2714, 0.9705, -1.1985);(1.4568, 0.8218, -0.2832);1,5658;1,5658
7,325114;-0,1524896;(0.2739, 0.9664, -1.2044);(1.4568, 0.8218, -0.2832);1,5683;1,5683
7,336202;-0,1448114;(0.2775, 0.9629, -1.2101);(1.4568, 0.8218, -0.2832);1,5712;1,5712
7,34732;-0,1376688;(0.2811, 0.9597, -1.2154);(1.4568, 0.8218, -0.2832);1,5739;1,5739
7,358526;-0,1347;(0.2839, 0.9589, -1.2163);(1.4568, 0.8218, -0.2832);1,5746;1,5746
7,369505;-0,1287791;(0.2896, 0.9583, -1.2178);(1.4568, 0.8218, -0.2832);1,5764;1,5764
7,380651;-0,1245819;(0.2937, 0.9578, -1.2175);(1.4568, 0.8218, -0.2832);1,5767;1,5767
7,391726;-0,1187383;(0.2974, 0.9551, -1.2211);(1.4568, 0.8218, -0.2832);1,5785;1,5785
7,402947;-0,1125671;(0.3020, 0.9522, -1.2240);(1.4568, 0.8218, -0.2832);1,5799;1,5799
7,418591;-0,1061948;(0.3073, 0.9497, -1.2266);(1.4568, 0.8218, -0.2832);1,5814;1,5814
7,424892;-0,09893131;(0.3136, 0.9475, -1.2294);(1.4568, 0.8218, -0.2832);1,5835;1,5835
7,436297;-0,09234155;(0.3199, 0.9461, -1.2309);(1.4568, 0.8218, -0.2832);1,5851;1,5851
7,448298;-0,08369133;(0.3281, 0.9467, -1.2285);(1.4568, 0.8218, -0.2832);1,5853;1,5853
7,45827;-0,07723895;(0.3346, 0.9463, -1.2284);(1.4568, 0.8218, -0.2832);1,5863;1,5863
7,46941;-0,07093294;(0.3409, 0.9461, -1.2282);(1.4568, 0.8218, -0.2832);1,5874;1,5874
7,480689;-0,08228179;(0.3495, 0.9493, -1.2216);(1.4568, 0.8218, -0.2832);1,5860;1,5860
7,491777;-0,07512175;(0.3557, 0.9512, -1.2186);(1.4568, 0.8218, -0.2832);1,5863;1,5863
7,502785;-0,08242273;(0.3616, 0.9531, -1.2147);(1.4568, 0.8218, -0.2832);1,5858;1,5858
7,513803;-0,09068084;(0.3672, 0.9563, -1.2096);(1.4568, 0.8218, -0.2832);1,5851;1,5851
7,525007;-0,09868;(0.3725, 0.9592, -1.2043);(1.4568, 0.8218, -0.2832);1,5841;1,5841
7,536101;-0,1085519;(0.3774, 0.9635, -1.1970);(1.4568, 0.8218, -0.2832);1,5823;1,5823
7,547162;-0,1268559;(0.3849, 0.9711, -1.1821);(1.4568, 0.8218, -0.2832);1,5775;1,5775
7,558499;-0,1373313;(0.3897, 0.9760, -1.1741);(1.4568, 0.8218, -0.2832);1,5758;1,5758
7,573808;-0,156131;(0.3951, 0.9854, -1.1588);(1.4568, 0.8218, -0.2832);1,5716;1,5716
7,580312;-0,1738307;(0.4003, 0.9946, -1.1446);(1.4568, 0.8218, -0.2832);1,5683;1,5683
7,59165;-0,1873567;(0.4043, 1.0023, -1.1342);(1.4568, 0.8218, -0.2832);1,5667;1,5667
7,602817;-0,2070742;(0.4090, 1.0138, -1.1189);(1.4568, 0.8218, -0.2832);1,5642;1,5642
7,61376;-0,223607;(0.4121, 1.0247, -1.1069);(1.4568, 0.8218, -0.2832);1,5636;1,5636
7,625018;-0,2419167;(0.4155, 1.0365, -1.0932);(1.4568, 0.8218, -0.2832);1,5627;1,5627
7,636076;-0,2221857;(0.4178, 1.0510, -1.0800);(1.4568, 0.8218, -0.2832);1,5638;1,5638
7,647225;-0,2033064;(0.4187, 1.0659, -1.0686);(1.4568, 0.8218, -0.2832);1,5663;1,5663
7,659353;-0,183231;(0.4190, 1.0821, -1.0567);(1.4568, 0.8218, -0.2832);1,5694;1,5694
7,669473;-0,1635348;(0.4181, 1.0987, -1.0461);(1.4568, 0.8218, -0.2832);1,5736;1,5736
7,680602;-0,1447007;(0.4183, 1.1140, -1.0351);(1.4568, 0.8218, -0.2832);1,5771;1,5771
7,691549;-0,1096198;(0.4202, 1.1409, -1.0127);(1.4568, 0.8218, -0.2832);1,5823;1,5823
7,702747;-0,09114259;(0.4181, 1.1578, -1.0057);(1.4568, 0.8218, -0.2832);1,5896;1,5896
7,713811;-0,07031359;(0.4145, 1.1773, -0.9993);(1.4568, 0.8218, -0.2832);1,5989;1,5989
7,729787;-0,04984512;(0.4105, 1.1966, -0.9935);(1.4568, 0.8218, -0.2832);1,6085;1,6085
7,73617;-0,0293381;(0.4055, 1.2158, -0.9884);(1.4568, 0.8218, -0.2832);1,6185;1,6185
7,747052;-0,009833582;(0.4003, 1.2343, -0.9852);(1.4568, 0.8218, -0.2832);1,6292;1,6292
7,758181;0,008979954;(0.3951, 1.2523, -0.9837);(1.4568, 0.8218, -0.2832);1,6408;1,6408
7,769258;0,02747707;(0.3900, 1.2700, -0.9821);(1.4568, 0.8218, -0.2832);1,6522;1,6522
7,780287;0,04471363;(0.3853, 1.2866, -0.9818);(1.4568, 0.8218, -0.2832);1,6636;1,6636
7,791597;0,06074943;(0.3802, 1.3018, -0.9826);(1.4568, 0.8218, -0.2832);1,6747;1,6747
7,802555;0,0750474;(0.3748, 1.3147, -0.9855);(1.4568, 0.8218, -0.2832);1,6853;1,6853
7,813692;0,08763016;(0.3691, 1.3254, -0.9889);(1.4568, 0.8218, -0.2832);1,6944;1,6944
7,824855;0,1010054;(0.3645, 1.3380, -0.9888);(1.4568, 0.8218, -0.2832);1,7032;1,7032
7,836344;0,1111394;(0.3594, 1.3466, -0.9903);(1.4568, 0.8218, -0.2832);1,7097;1,7097
7,847142;0,1212099;(0.3545, 1.3554, -0.9906);(1.4568, 0.8218, -0.2832);1,7159;1,7159
7,858287;0,1309743;(0.3494, 1.3637, -0.9914);(1.4568, 0.8218, -0.2832);1,7218;1,7218
7,870691;0,1388228;(0.3441, 1.3694, -0.9921);(1.4568, 0.8218, -0.2832);1,7257;1,7257
7,885529;0,1513887;(0.3358, 1.3731, -1.0008);(1.4568, 0.8218, -0.2832);1,7320;1,7320
7,891425;0,1592998;(0.3296, 1.3776, -1.0026);(1.4568, 0.8218, -0.2832);1,7354;1,7354
7,90276;0,1663107;(0.3240, 1.3817, -1.0035);(1.4568, 0.8218, -0.2832);1,7382;1,7382
7,913897;0,1729413;(0.3194, 1.3864, -1.0047);(1.4568, 0.8218, -0.2832);1,7417;1,7417
7,924908;0,1777685;(0.3152, 1.3886, -1.0051);(0.1290, 1.4177, -1.0250);1,7429;1,7429
7,936581;0,1746614;(0.3123, 1.3896, -1.0043);(0.1322, 1.4169, -1.0268);1,7427;1,7427
7,947224;0,1717777;(0.3095, 1.3902, -1.0038);(0.1355, 1.4163, -1.0281);1,7424;1,7424
7,958975;0,1665754;(0.3049, 1.3908, -1.0016);(0.1423, 1.4162, -1.0297);1,7409;1,7409
7,958975;0,1665754;(0.3049, 1.3908, -1.0016);(0.1423, 1.4162, -1.0297);1,7409;1,7409
7,980621;0,1635404;(0.3022, 1.3920, -1.0007);(0.1461, 1.4166, -1.0302);1,7408;1,7408
7,99155;0,1615741;(0.3012, 1.3925, -0.9991);(0.1487, 1.4160, -1.0323);1,7401;1,7401
8,002749;0,1632012;(0.3002, 1.3937, -0.9988);(0.1510, 1.4145, -1.0335);1,7407;1,7407
8,013809;0,1647275;(0.3007, 1.3950, -0.9993);(0.1538, 1.4143, -1.0341);1,7421;1,7421
8,024923;0,1659353;(0.3007, 1.3959, -1.0001);(0.1564, 1.4145, -1.0342);1,7433;1,7433
8,041062;0,1683702;(0.3019, 1.3977, -1.0013);(0.1587, 1.4140, -1.0347);1,7456;1,7456
8,046956;0,169884;(0.3023, 1.3990, -1.0020);(0.1606, 1.4147, -1.0342);1,7471;1,7471
8,058295;0,1657614;(0.3061, 1.3989, -1.0005);(0.1603, 1.4174, -1.0342);1,7469;1,7469
8,070505;0,1742377;(0.3140, 1.4004, -0.9978);(0.1618, 1.4176, -1.0340);1,7479;1,7479
8,080823;0,1793176;(0.3190, 1.4006, -0.9971);(0.1648, 1.4178, -1.0340);1,7486;1,7486
8,091747;0,181959;(0.3211, 1.4022, -0.9969);(0.1670, 1.4179, -1.0341);1,7501;1,7501
8,102877;0,1844518;(0.3229, 1.4039, -0.9968);(0.1686, 1.4188, -1.0335);1,7518;1,7518
8,1139;0,18669;(0.3243, 1.4056, -0.9975);(0.1704, 1.4188, -1.0327);1,7538;1,7538
8,125205;0,1892575;(0.3259, 1.4073, -0.9985);(0.1718, 1.4191, -1.0325);1,7560;1,7560
8,136585;0,1908456;(0.3269, 1.4084, -0.9991);(0.1728, 1.4197, -1.0326);1,7574;1,7574
8,147413;0,1938232;(0.3295, 1.4097, -0.9986);(0.1739, 1.4201, -1.0328);1,7587;1,7587
8,158778;0,1965117;(0.3321, 1.4099, -0.9983);(0.1747, 1.4203, -1.0332);1,7592;1,7592
8,169824;0,1983161;(0.3338, 1.4104, -0.9977);(0.1764, 1.4204, -1.0323);1,7596;1,7596
8,18111;0,199719;(0.3351, 1.4107, -0.9981);(0.1771, 1.4205, -1.0327);1,7602;1,7602
8,196633;0,2012164;(0.3366, 1.4106, -0.9980);(0.1783, 1.4205, -1.0325);1,7605;1,7605
8,203246;0,2022378;(0.3374, 1.4107, -0.9986);(0.1805, 1.4215, -1.0302);1,7610;1,7610
8,214374;0,2033466;(0.3385, 1.4105, -0.9987);(0.1808, 1.4207, -1.0320);1,7611;1,7611
8,225485;0,2044087;(0.3395, 1.4104, -0.9990);(0.1818, 1.4203, -1.0323);1,7614;1,7614
8,236662;0,203256;(0.3406, 1.4100, -0.9988);(0.1827, 1.4198, -1.0327);1,7611;1,7611
8,247705;0,2023683;(0.3414, 1.4098, -0.9986);(0.1837, 1.4196, -1.0332);1,7611;1,7611
8,258804;0,2011046;(0.3425, 1.4093, -0.9981);(0.1854, 1.4205, -1.0315);1,7606;1,7606
8,270789;0,199803;(0.3436, 1.4093, -0.9974);(0.1867, 1.4205, -1.0317);1,7604;1,7604
8,280883;0,1985601;(0.3446, 1.4090, -0.9967);(0.1879, 1.4205, -1.0323);1,7600;1,7600
8,291848;0,1966035;(0.3461, 1.4090, -0.9956);(0.1897, 1.4213, -1.0316);1,7596;1,7596
8,303041;0,1951225;(0.3473, 1.4089, -0.9946);(0.1907, 1.4213, -1.0323);1,7592;1,7592
8,314144;0,1936233;(0.3484, 1.4089, -0.9936);(0.1922, 1.4221, -1.0326);1,7589;1,7589
8,325284;0,1925635;(0.3492, 1.4088, -0.9929);(0.1935, 1.4224, -1.0331);1,7586;1,7586
8,336634;0,1910875;(0.3504, 1.4090, -0.9921);(0.1946, 1.4228, -1.0336);1,7585;1,7585
8,352009;0,1925991;(0.3517, 1.4094, -0.9914);(0.1956, 1.4229, -1.0346);1,7587;1,7587
8,358603;0,1940832;(0.3530, 1.4098, -0.9908);(0.1968, 1.4234, -1.0347);1,7590;1,7590
8,369887;0,195259;(0.3536, 1.4107, -0.9914);(0.1979, 1.4238, -1.0355);1,7601;1,7601
8,380875;0,1964141;(0.3543, 1.4115, -0.9918);(0.1998, 1.4250, -1.0341);1,7611;1,7611
8,392057;0,1979097;(0.3557, 1.4120, -0.9914);(0.2012, 1.4257, -1.0339);1,7616;1,7616
8,403316;0,1996211;(0.3568, 1.4128, -0.9924);(0.2024, 1.4262, -1.0343);1,7630;1,7630
8,414158;0,2014004;(0.3582, 1.4135, -0.9932);(0.2035, 1.4266, -1.0347);1,7643;1,7643
8,425432;0,2031719;(0.3589, 1.4143, -0.9946);(0.2047, 1.4270, -1.0349);1,7659;1,7659
8,436503;0,204772;(0.3596, 1.4151, -0.9958);(0.2058, 1.4273, -1.0351);1,7674;1,7674
8,447774;0,2067395;(0.3597, 1.4159, -0.9976);(0.2066, 1.4275, -1.0352);1,7690;1,7690
8,458543;0,2085534;(0.3605, 1.4167, -0.9990);(0.2075, 1.4276, -1.0354);1,7706;1,7706
8,469681;0,2108056;(0.3605, 1.4173, -1.0012);(0.2085, 1.4277, -1.0356);1,7723;1,7723
8,482965;0,2128932;(0.3603, 1.4179, -1.0032);(0.2095, 1.4278, -1.0356);1,7739;1,7739
8,491908;0,2151118;(0.3602, 1.4181, -1.0054);(0.2096, 1.4273, -1.0367);1,7753;1,7753
8,507469;0,2173267;(0.3603, 1.4183, -1.0076);(0.2107, 1.4278, -1.0357);1,7767;1,7767
8,513897;0,218844;(0.3609, 1.4181, -1.0090);(0.2117, 1.4280, -1.0351);1,7774;1,7774
8,525077;0,2203889;(0.3613, 1.4181, -1.0105);(0.2125, 1.4279, -1.0350);1,7784;1,7784
8,53597;0,2213842;(0.3622, 1.4181, -1.0110);(0.2136, 1.4283, -1.0342);1,7788;1,7788
8,547022;0,2221172;(0.3629, 1.4180, -1.0110);(0.2145, 1.4284, -1.0341);1,7789;1,7789
8,558225;0,2238274;(0.3646, 1.4180, -1.0106);(0.2153, 1.4284, -1.0340);1,7790;1,7790
8,569519;0,2219763;(0.3662, 1.4182, -1.0097);(0.2161, 1.4283, -1.0341);1,7790;1,7790
8,580461;0,2232989;(0.3673, 1.4186, -1.0091);(0.2170, 1.4282, -1.0341);1,7793;1,7793
8,591578;0,2248002;(0.3686, 1.4189, -1.0084);(0.2180, 1.4276, -1.0346);1,7794;1,7794
8,602796;0,2260869;(0.3697, 1.4194, -1.0080);(0.2192, 1.4281, -1.0338);1,7797;1,7797
8,614026;0,2273362;(0.3708, 1.4199, -1.0077);(0.2206, 1.4287, -1.0325);1,7802;1,7802
8,625072;0,2284253;(0.3719, 1.4201, -1.0078);(0.2216, 1.4289, -1.0322);1,7806;1,7806
8,636338;0,2298132;(0.3731, 1.4206, -1.0073);(0.2228, 1.4291, -1.0318);1,7810;1,7810
8,648023;0,227862;(0.3747, 1.4208, -1.0063);(0.2239, 1.4293, -1.0316);1,7810;1,7810
8,663881;0,2293648;(0.3760, 1.4214, -1.0057);(0.2249, 1.4295, -1.0314);1,7814;1,7814
8,669614;0,2307339;(0.3771, 1.4219, -1.0051);(0.2258, 1.4300, -1.0313);1,7816;1,7816
8,680849;0,2317841;(0.3776, 1.4226, -1.0045);(0.2267, 1.4306, -1.0309);1,7820;1,7820
8,692928;0,2325314;(0.3777, 1.4233, -1.0043);(0.2264, 1.4304, -1.0328);1,7824;1,7824
8,70308;0,2340936;(0.3782, 1.4244, -1.0033);(0.2270, 1.4311, -1.0327);1,7829;1,7829
8,713977;0,235954;(0.3794, 1.4252, -1.0021);(0.2274, 1.4317, -1.0328);1,7831;1,7831
8,725076;0,2372814;(0.3798, 1.4261, -1.0012);(0.2279, 1.4325, -1.0326);1,7833;1,7833
8,736327;0,2354202;(0.3804, 1.4268, -0.9996);(0.2283, 1.4334, -1.0322);1,7832;1,7832
8,747341;0,2337218;(0.3811, 1.4275, -0.9982);(0.2284, 1.4342, -1.0319);1,7831;1,7831
8,758545;0,2315769;(0.3821, 1.4281, -0.9964);(0.2282, 1.4352, -1.0318);1,7827;1,7827
8,769656;0,2292566;(0.3831, 1.4284, -0.9943);(0.2281, 1.4361, -1.0317);1,7820;1,7820
8,780803;0,2265087;(0.3844, 1.4281, -0.9919);(0.2274, 1.4366, -1.0327);1,7808;1,7808
8,791678;0,2232398;(0.3861, 1.4279, -0.9891);(0.2268, 1.4377, -1.0330);1,7794;1,7794
8,803282;0,2198995;(0.3876, 1.4273, -0.9862);(0.2260, 1.4386, -1.0330);1,7776;1,7776
8,818311;0,2166591;(0.3889, 1.4267, -0.9833);(0.2253, 1.4393, -1.0332);1,7758;1,7758
8,824971;0,2127071;(0.3899, 1.4260, -0.9795);(0.2243, 1.4401, -1.0331);1,7734;1,7734
8,836419;0,208254;(0.3907, 1.4250, -0.9752);(0.2232, 1.4408, -1.0334);1,7704;1,7704
8,847358;0,2034322;(0.3907, 1.4237, -0.9706);(0.2222, 1.4415, -1.0336);1,7668;1,7668
8,858438;0,1979997;(0.3907, 1.4220, -0.9654);(0.2207, 1.4422, -1.0338);1,7626;1,7626
8,869486;0,1920405;(0.3900, 1.4200, -0.9598);(0.2194, 1.4429, -1.0341);1,7578;1,7578
8,88051;0,1856968;(0.3891, 1.4179, -0.9539);(0.2182, 1.4434, -1.0344);1,7527;1,7527
8,891744;0,1793678;(0.3879, 1.4159, -0.9481);(0.2170, 1.4441, -1.0347);1,7476;1,7476
8,904106;0,1713106;(0.3865, 1.4130, -0.9407);(0.2159, 1.4450, -1.0346);1,7409;1,7409
8,913917;0,1637222;(0.3844, 1.4105, -0.9338);(0.2146, 1.4456, -1.0347);1,7347;1,7347
8,925567;0,1543298;(0.3814, 1.4069, -0.9257);(0.2132, 1.4463, -1.0348);1,7267;1,7267
8,936378;0,1443246;(0.3776, 1.4032, -0.9172);(0.2117, 1.4471, -1.0349);1,7184;1,7184
8,947308;0,133923;(0.3731, 1.3989, -0.9089);(0.2104, 1.4476, -1.0352);1,7094;1,7094
8,958496;0,1228683;(0.3683, 1.3945, -0.8999);(0.2089, 1.4483, -1.0354);1,7000;1,7000
8,97398;0,1123877;(0.3634, 1.3901, -0.8918);(0.2075, 1.4488, -1.0357);1,6910;1,6910
8,980543;0,1008449;(0.3576, 1.3853, -0.8830);(0.2060, 1.4492, -1.0358);1,6813;1,6813
8,991664;0,08975164;(0.3522, 1.3807, -0.8745);(0.2045, 1.4495, -1.0361);1,6718;1,6718
9,002666;0,07834318;(0.3463, 1.3750, -0.8665);(0.2030, 1.4496, -1.0364);1,6618;1,6618
9,013462;0,06700997;(0.3402, 1.3696, -0.8587);(0.2014, 1.4499, -1.0367);1,6520;1,6520
9,024656;0,05606427;(0.3345, 1.3642, -0.8510);(0.1998, 1.4500, -1.0370);1,6423;1,6423
9,035817;0,04520519;(0.3283, 1.3589, -0.8439);(0.1982, 1.4500, -1.0373);1,6330;1,6330
9,046885;0,03452329;(0.3225, 1.3536, -0.8367);(0.1965, 1.4501, -1.0377);1,6237;1,6237
9,057982;0,02460572;(0.3166, 1.3484, -0.8306);(0.1951, 1.4502, -1.0377);1,6150;1,6150
9,069256;0,01452613;(0.3112, 1.3433, -0.8238);(0.1936, 1.4503, -1.0380);1,6062;1,6062
9,080235;0,005054802;(0.3063, 1.3380, -0.8177);(0.1920, 1.4502, -1.0382);1,5977;1,5977
9,09163;-0,003966528;(0.3012, 1.3331, -0.8121);(0.1906, 1.4502, -1.0384);1,5898;1,5898
9,102712;-0,01350287;(0.2961, 1.3282, -0.8057);(0.1891, 1.4502, -1.0386);1,5814;1,5814
9,115122;-0,02193818;(0.2909, 1.3231, -0.8014);(0.1878, 1.4501, -1.0388);1,5740;1,5740
9,129663;-0,0307724;(0.2862, 1.3184, -0.7956);(0.1864, 1.4501, -1.0389);1,5662;1,5662
9,136091;-0,03894622;(0.2814, 1.3134, -0.7912);(0.1851, 1.4504, -1.0385);1,5589;1,5589
9,147301;-0,04650579;(0.2770, 1.3091, -0.7868);(0.1838, 1.4505, -1.0386);1,5523;1,5523
9,158316;-0,05397956;(0.2724, 1.3045, -0.7832);(0.1825, 1.4507, -1.0387);1,5457;1,5457
9,169892;-0,06096769;(0.2679, 1.3006, -0.7795);(0.1813, 1.4508, -1.0388);1,5398;1,5398
9,18069;-0,06807781;(0.2638, 1.2961, -0.7758);(0.1800, 1.4508, -1.0390);1,5334;1,5334
9,191875;-0,07478389;(0.2596, 1.2920, -0.7726);(0.1786, 1.4509, -1.0392);1,5276;1,5276
9,203013;-0,0816993;(0.2554, 1.2879, -0.7690);(0.1774, 1.4510, -1.0393);1,5216;1,5216
9,213869;-0,08802363;(0.2513, 1.2838, -0.7665);(0.1763, 1.4511, -1.0396);1,5161;1,5161
9,224906;-0,09453157;(0.2473, 1.2797, -0.7634);(0.1751, 1.4515, -1.0395);1,5104;1,5104
9,23618;-0,1006936;(0.2434, 1.2755, -0.7610);(0.1741, 1.4518, -1.0397);1,5051;1,5051
9,247094;-0,1063342;(0.2400, 1.2715, -0.7588);(0.1732, 1.4520, -1.0398);1,5001;1,5001
9,258324;-0,1119188;(0.2365, 1.2676, -0.7571);(0.1723, 1.4523, -1.0401);1,4953;1,4953
9,269333;-0,1172377;(0.2327, 1.2641, -0.7558);(0.1714, 1.4527, -1.0403);1,4910;1,4910
9,284459;-0,1226892;(0.2289, 1.2603, -0.7547);(0.1704, 1.4531, -1.0406);1,4867;1,4867
9,291265;-0,1280081;(0.2251, 1.2568, -0.7536);(0.1695, 1.4534, -1.0409);1,4826;1,4826
9,302473;-0,1328543;(0.2214, 1.2537, -0.7528);(0.1686, 1.4536, -1.0412);1,4791;1,4791
9,313528;-0,1375739;(0.2177, 1.2508, -0.7525);(0.1676, 1.4539, -1.0418);1,4758;1,4758
9,325779;-0,1421964;(0.2141, 1.2480, -0.7518);(0.1670, 1.4541, -1.0423);1,4726;1,4726
9,335815;-0,1462092;(0.2110, 1.2454, -0.7519);(0.1663, 1.4544, -1.0429);1,4700;1,4700
9,346795;-0,150619;(0.2075, 1.2428, -0.7517);(0.1658, 1.4545, -1.0433);1,4672;1,4672
9,358154;-0,1550519;(0.2038, 1.2403, -0.7517);(0.1655, 1.4548, -1.0438);1,4646;1,4646
9,369428;-0,1592575;(0.2003, 1.2381, -0.7522);(0.1653, 1.4550, -1.0443);1,4625;1,4625
9,380488;-0,1635059;(0.1966, 1.2361, -0.7528);(0.1652, 1.4552, -1.0448);1,4606;1,4606
9,391371;-0,1675931;(0.1929, 1.2345, -0.7534);(0.1652, 1.4554, -1.0454);1,4591;1,4591
9,402675;-0,1715569;(0.1892, 1.2331, -0.7539);(0.1652, 1.4556, -1.0459);1,4576;1,4576
9,413826;-0,1756576;(0.1854, 1.2317, -0.7546);(0.1651, 1.4558, -1.0465);1,4563;1,4563
9,424995;-0,1795746;(0.1819, 1.2301, -0.7552);(0.1654, 1.4560, -1.0470);1,4548;1,4548
9,440326;-0,1835292;(0.1782, 1.2288, -0.7558);(0.1655, 1.4562, -1.0477);1,4536;1,4536
9,446812;-0,1871511;(0.1749, 1.2275, -0.7565);(0.1657, 1.4562, -1.0482);1,4525;1,4525
9,457889;-0,1908155;(0.1714, 1.2265, -0.7568);(0.1657, 1.4563, -1.0488);1,4513;1,4513
9,469052;-0,1944578;(0.1679, 1.2258, -0.7574);(0.1658, 1.4564, -1.0494);1,4507;1,4507
9,480208;-0,1981075;(0.1645, 1.2245, -0.7581);(0.1659, 1.4565, -1.0500);1,4496;1,4496
9,491411;-0,2020376;(0.1607, 1.2239, -0.7588);(0.1660, 1.4567, -1.0506);1,4490;1,4490
9,502426;-0,2055165;(0.1575, 1.2228, -0.7598);(0.1660, 1.4568, -1.0511);1,4482;1,4482
9,513685;-0,2091316;(0.1543, 1.2222, -0.7612);(0.1660, 1.4569, -1.0517);1,4481;1,4481
9,525943;-0,2057538;(0.1511, 1.2219, -0.7623);(0.1660, 1.4571, -1.0522);1,4481;1,4481
9,536123;-0,2017021;(0.1471, 1.2219, -0.7632);(0.1659, 1.4573, -1.0527);1,4482;1,4482
9,547137;-0,2055708;(0.1433, 1.2218, -0.7639);(0.1657, 1.4575, -1.0532);1,4481;1,4481
9,558257;-0,2092203;(0.1398, 1.2211, -0.7647);(0.1654, 1.4576, -1.0537);1,4476;1,4476
9,569334;-0,2129083;(0.1364, 1.2198, -0.7653);(0.1650, 1.4577, -1.0541);1,4465;1,4465
9,580583;-0,2163305;(0.1332, 1.2187, -0.7655);(0.1645, 1.4577, -1.0546);1,4453;1,4453
9,595969;-0,2196794;(0.1300, 1.2179, -0.7657);(0.1640, 1.4577, -1.0548);1,4445;1,4445
9,602672;-0,2227695;(0.1272, 1.2167, -0.7662);(0.1634, 1.4578, -1.0551);1,4435;1,4435
9,613785;-0,22616;(0.1241, 1.2157, -0.7671);(0.1627, 1.4578, -1.0554);1,4428;1,4428
9,624897;-0,2295131;(0.1209, 1.2149, -0.7679);(0.1619, 1.4580, -1.0556);1,4423;1,4423
9,635967;-0,2256895;(0.1172, 1.2147, -0.7690);(0.1610, 1.4581, -1.0559);1,4425;1,4425
9,647168;-0,2288484;(0.1144, 1.2137, -0.7698);(0.1601, 1.4582, -1.0559);1,4418;1,4418
9,658359;-0,2318142;(0.1117, 1.2126, -0.7704);(0.1593, 1.4583, -1.0561);1,4409;1,4409
9,669345;-0,2349799;(0.1088, 1.2114, -0.7710);(0.1584, 1.4584, -1.0562);1,4401;1,4401
9,680428;-0,2379842;(0.1065, 1.2096, -0.7715);(0.1576, 1.4586, -1.0563);1,4386;1,4386
9,691552;-0,241064;(0.1039, 1.2080, -0.7720);(0.1567, 1.4587, -1.0564);1,4374;1,4374
9,702874;-0,2438986;(0.1019, 1.2060, -0.7723);(0.1559, 1.4589, -1.0564);1,4357;1,4357
9,713644;-0,2463738;(0.0998, 1.2047, -0.7721);(0.1552, 1.4590, -1.0563);1,4344;1,4344
9,724604;-0,2489672;(0.0982, 1.2026, -0.7723);(0.1546, 1.4591, -1.0562);1,4326;1,4326
9,737057;-0,2512366;(0.0964, 1.2013, -0.7724);(0.1539, 1.4592, -1.0561);1,4315;1,4315
9,751008;-0,2536778;(0.0949, 1.1994, -0.7724);(0.1533, 1.4594, -1.0559);1,4297;1,4297
9,757753;-0,2562221;(0.0933, 1.1976, -0.7734);(0.1528, 1.4595, -1.0557);1,4287;1,4287
9,768758;-0,2586246;(0.0921, 1.1956, -0.7738);(0.1523, 1.4595, -1.0556);1,4271;1,4271
9,779973;-0,2578005;(0.0920, 1.1962, -0.7743);(0.1518, 1.4594, -1.0555);1,4279;1,4279
9,791063;-0,2565882;(0.0911, 1.1969, -0.7743);(0.1513, 1.4591, -1.0553);1,4285;1,4285
9,802073;-0,255243;(0.0902, 1.1968, -0.7753);(0.1508, 1.4589, -1.0552);1,4288;1,4288
9,813355;-0,2534585;(0.0891, 1.1965, -0.7766);(0.1505, 1.4587, -1.0552);1,4292;1,4292
9,824502;-0,2528044;(0.0887, 1.1966, -0.7772);(0.1501, 1.4586, -1.0551);1,4296;1,4296
9,835721;-0,2521532;(0.0887, 1.1971, -0.7768);(0.1498, 1.4585, -1.0549);1,4298;1,4298
9,846848;-0,251336;(0.0887, 1.1979, -0.7765);(0.1495, 1.4585, -1.0549);1,4303;1,4303
9,857945;-0,2507806;(0.0883, 1.1982, -0.7763);(0.1494, 1.4584, -1.0548);1,4304;1,4304
9,869075;-0,2494824;(0.0876, 1.1993, -0.7766);(0.1493, 1.4583, -1.0547);1,4314;1,4314
9,880181;-0,2484207;(0.0870, 1.1995, -0.7775);(0.1493, 1.4582, -1.0546);1,4321;1,4321
9,891411;-0,2503461;(0.0863, 1.1985, -0.7790);(0.1494, 1.4581, -1.0546);1,4320;1,4320
9,907073;-0,2472965;(0.0855, 1.1971, -0.7815);(0.1495, 1.4582, -1.0545);1,4321;1,4321
9,913436;-0,2452666;(0.0847, 1.1964, -0.7833);(0.1497, 1.4582, -1.0545);1,4325;1,4325
9,92456;-0,2425747;(0.0835, 1.1957, -0.7856);(0.1500, 1.4582, -1.0544);1,4331;1,4331
9,935802;-0,2405209;(0.0824, 1.1973, -0.7863);(0.1501, 1.4582, -1.0544);1,4347;1,4347
9,947996;-0,2371196;(0.0806, 1.2002, -0.7860);(0.1504, 1.4582, -1.0544);1,4369;1,4369
9,957868;-0,234225;(0.0788, 1.2024, -0.7856);(0.1505, 1.4582, -1.0545);1,4384;1,4384
9,968792;-0,23121;(0.0760, 1.2036, -0.7855);(0.1507, 1.4582, -1.0545);1,4392;1,4392
9,979877;-0,2283833;(0.0732, 1.2041, -0.7855);(0.1507, 1.4582, -1.0546);1,4395;1,4395
9,990982;-0,2241057;(0.0693, 1.2052, -0.7843);(0.1509, 1.4582, -1.0547);1,4396;1,4396
10,00216;-0,2184963;(0.0646, 1.2074, -0.7822);(0.1511, 1.4583, -1.0549);1,4401;1,4401
10,0133;-0,2116298;(0.0586, 1.2103, -0.7804);(0.1513, 1.4583, -1.0551);1,4413;1,4413
10,02449;-0,2047621;(0.0529, 1.2130, -0.7776);(0.1514, 1.4584, -1.0552);1,4419;1,4419
10,03564;-0,1957151;(0.0454, 1.2166, -0.7741);(0.1516, 1.4585, -1.0554);1,4427;1,4427
10,04689;-0,1866423;(0.0376, 1.2193, -0.7704);(0.1517, 1.4586, -1.0557);1,4428;1,4428
10,06227;-0,1972281;(0.0286, 1.2222, -0.7656);(0.1518, 1.4587, -1.0558);1,4425;1,4425
10,06906;-0,2084725;(0.0190, 1.2253, -0.7607);(0.1519, 1.4588, -1.0560);1,4423;1,4423
10,08027;-0,1978776;(0.0099, 1.2282, -0.7561);(0.1520, 1.4589, -1.0562);1,4424;1,4424
10,09148;-0,1862105;(0.0002, 1.2322, -0.7508);(0.1520, 1.4589, -1.0564);1,4429;1,4429
10,10251;-0,1748795;(-0.0095, 1.2360, -0.7465);(0.1520, 1.4589, -1.0566);1,4440;1,4440
10,11377;-0,1644005;(-0.0185, 1.2399, -0.7429);(0.1519, 1.4588, -1.0569);1,4456;1,4456
10,12481;-0,1539069;(-0.0274, 1.2438, -0.7388);(0.1518, 1.4588, -1.0571);1,4470;1,4470
10,13579;-0,143536;(-0.0358, 1.2481, -0.7344);(0.1517, 1.4588, -1.0575);1,4486;1,4486
10,14807;-0,132517;(-0.0446, 1.2527, -0.7297);(0.1516, 1.4589, -1.0576);1,4504;1,4504
10,15797;-0,1210822;(-0.0526, 1.2589, -0.7244);(0.1515, 1.4590, -1.0579);1,4533;1,4533
10,16895;-0,1102808;(-0.0604, 1.2645, -0.7194);(0.1514, 1.4591, -1.0581);1,4561;1,4561
10,18009;-0,09973656;(-0.0674, 1.2714, -0.7157);(0.1513, 1.4592, -1.0583);1,4606;1,4606
10,19123;-0,08957913;(-0.0746, 1.2776, -0.7120);(0.1511, 1.4593, -1.0584);1,4645;1,4645
10,20242;-0,07954966;(-0.0810, 1.2845, -0.7087);(0.1510, 1.4595, -1.0586);1,4693;1,4693
10,21813;-0,07038583;(-0.0858, 1.2913, -0.7048);(0.1508, 1.4596, -1.0588);1,4736;1,4736
10,22452;-0,06133256;(-0.0911, 1.2972, -0.7004);(0.1506, 1.4597, -1.0590);1,4770;1,4770
10,23557;-0,05364469;(-0.0941, 1.3026, -0.6958);(0.1504, 1.4598, -1.0591);1,4798;1,4798
10,24676;-0,04669439;(-0.0965, 1.3071, -0.6911);(0.1502, 1.4599, -1.0593);1,4816;1,4816
10,258;-0,03936493;(-0.0980, 1.3113, -0.6853);(0.1499, 1.4599, -1.0594);1,4828;1,4828
10,26898;-0,03237968;(-0.0982, 1.3151, -0.6794);(0.1495, 1.4601, -1.0595);1,4835;1,4835
10,27989;-0,02527443;(-0.0988, 1.3191, -0.6736);(0.1491, 1.4602, -1.0596);1,4845;1,4845
10,29099;-0,01762;(-0.0963, 1.3229, -0.6674);(0.1487, 1.4604, -1.0596);1,4848;1,4848
10,30205;-0,008909908;(-0.0925, 1.3271, -0.6608);(0.1483, 1.4606, -1.0596);1,4854;1,4854
10,31313;0,0002069501;(-0.0874, 1.3315, -0.6547);(0.1478, 1.4608, -1.0597);1,4863;1,4863
10,32423;0,00854294;(-0.0835, 1.3363, -0.6491);(0.1473, 1.4608, -1.0598);1,4880;1,4880
10,33528;0,01813805;(-0.0774, 1.3414, -0.6437);(0.1467, 1.4610, -1.0599);1,4898;1,4898
10,34641;0,02438844;(-0.0754, 1.3472, -0.6425);(0.1463, 1.4611, -1.0600);1,4944;1,4944
10,35887;0,0327186;(-0.0695, 1.3513, -0.6383);(0.1458, 1.4611, -1.0600);1,4961;1,4961
10,37358;0,04110211;(-0.0642, 1.3553, -0.6332);(0.1453, 1.4612, -1.0600);1,4973;1,4973
10,3795;0,04924966;(-0.0583, 1.3583, -0.6284);(0.1449, 1.4612, -1.0602);1,4978;1,4978
10,39079;0,05808201;(-0.0521, 1.3616, -0.6231);(0.1445, 1.4614, -1.0602);1,4983;1,4983
10,40193;0,04893636;(-0.0448, 1.3635, -0.6180);(0.1441, 1.4615, -1.0602);1,4977;1,4977
10,41303;0,04044008;(-0.0385, 1.3657, -0.6127);(0.1437, 1.4616, -1.0604);1,4973;1,4973
10,42414;0,02712733;(-0.0275, 1.3671, -0.6053);(0.1434, 1.4617, -1.0603);1,4954;1,4954
10,43531;0,01900255;(-0.0211, 1.3690, -0.6006);(0.1431, 1.4618, -1.0604);1,4951;1,4951
10,44671;0,02697269;(-0.0148, 1.3713, -0.5964);(0.1427, 1.4619, -1.0604);1,4954;1,4954
10,4579;0,03390967;(-0.0100, 1.3737, -0.5919);(0.1424, 1.4619, -1.0603);1,4958;1,4958
10,46878;0,04076812;(-0.0048, 1.3755, -0.5879);(0.1422, 1.4621, -1.0602);1,4959;1,4959
10,48009;0,03658826;(-0.0008, 1.3759, -0.5865);(0.1420, 1.4621, -1.0603);1,4957;1,4957
10,49164;0,03208665;(0.0027, 1.3769, -0.5840);(0.1418, 1.4621, -1.0603);1,4956;1,4956
10,50222;0,03595141;(0.0052, 1.3782, -0.5813);(0.1417, 1.4621, -1.0602);1,4958;1,4958
10,51344;0,03194723;(0.0080, 1.3788, -0.5785);(0.1415, 1.4621, -1.0602);1,4953;1,4953
10,52948;0,02847383;(0.0108, 1.3795, -0.5765);(0.1414, 1.4622, -1.0602);1,4952;1,4952
10,53575;0,02560917;(0.0133, 1.3799, -0.5752);(0.1413, 1.4622, -1.0602);1,4951;1,4951
10,54705;0,02209812;(0.0159, 1.3808, -0.5730);(0.1413, 1.4623, -1.0601);1,4951;1,4951
10,55888;0,02555544;(0.0184, 1.3824, -0.5712);(0.1414, 1.4623, -1.0601);1,4958;1,4958
10,56919;0,02835511;(0.0209, 1.3833, -0.5705);(0.1414, 1.4623, -1.0600);1,4965;1,4965
10,58013;0,03114173;(0.0232, 1.3842, -0.5693);(0.1415, 1.4624, -1.0600);1,4969;1,4969
10,59121;0,03390042;(0.0257, 1.3849, -0.5683);(0.1417, 1.4624, -1.0599);1,4972;1,4972
10,60245;0,0364977;(0.0278, 1.3856, -0.5668);(0.1418, 1.4624, -1.0598);1,4974;1,4974
10,61322;0,03443145;(0.0295, 1.3859, -0.5657);(0.1419, 1.4625, -1.0596);1,4972;1,4972
10,62445;0,03245261;(0.0311, 1.3862, -0.5646);(0.1420, 1.4625, -1.0596);1,4971;1,4971
10,63545;0,03375967;(0.0323, 1.3866, -0.5645);(0.1423, 1.4626, -1.0596);1,4974;1,4974
10,64634;0,03497687;(0.0331, 1.3872, -0.5638);(0.1424, 1.4626, -1.0595);1,4978;1,4978
10,65739;0,03619959;(0.0341, 1.3878, -0.5634);(0.1426, 1.4627, -1.0594);1,4982;1,4982
10,66904;0,03783679;(0.0356, 1.3881, -0.5628);(0.1428, 1.4627, -1.0593);1,4983;1,4983
10,68459;0,03639105;(0.0369, 1.3882, -0.5621);(0.1430, 1.4627, -1.0592);1,4982;1,4982
10,69066;0,03795957;(0.0384, 1.3884, -0.5617);(0.1431, 1.4627, -1.0591);1,4982;1,4982
10,70174;0,03624303;(0.0400, 1.3884, -0.5610);(0.1434, 1.4627, -1.0590);1,4980;1,4980
10,71294;0,03443476;(0.0417, 1.3882, -0.5605);(0.1435, 1.4627, -1.0589);1,4976;1,4976
10,7241;0,03276931;(0.0432, 1.3882, -0.5598);(0.1437, 1.4627, -1.0588);1,4975;1,4975
10,73536;0,0312415;(0.0445, 1.3881, -0.5591);(0.1437, 1.4626, -1.0587);1,4972;1,4972
10,74642;0,03014234;(0.0454, 1.3882, -0.5583);(0.1438, 1.4625, -1.0586);1,4969;1,4969
10,75795;0,02867869;(0.0466, 1.3879, -0.5576);(0.1438, 1.4625, -1.0585);1,4964;1,4964
10,76985;0,02691491;(0.0480, 1.3874, -0.5566);(0.1439, 1.4624, -1.0585);1,4957;1,4957
10,77989;0,02540515;(0.0493, 1.3871, -0.5559);(0.1439, 1.4623, -1.0585);1,4952;1,4952
10,79115;0,02380033;(0.0507, 1.3868, -0.5553);(0.1439, 1.4623, -1.0584);1,4947;1,4947
10,80196;0,02223874;(0.0521, 1.3866, -0.5547);(0.1439, 1.4622, -1.0583);1,4943;1,4943
10,81303;0,02064068;(0.0536, 1.3864, -0.5541);(0.1439, 1.4622, -1.0583);1,4940;1,4940
10,8243;0,01905758;(0.0551, 1.3863, -0.5536);(0.1439, 1.4622, -1.0582);1,4937;1,4937
10,83981;0,01747381;(0.0566, 1.3860, -0.5531);(0.1439, 1.4622, -1.0581);1,4934;1,4934
10,84631;0,01585706;(0.0581, 1.3859, -0.5525);(0.1439, 1.4623, -1.0581);1,4931;1,4931
10,85742;0,01455581;(0.0593, 1.3857, -0.5521);(0.1439, 1.4623, -1.0581);1,4928;1,4928
10,86856;0,01359619;(0.0600, 1.3853, -0.5516);(0.1439, 1.4623, -1.0581);1,4923;1,4923
10,87956;0,0124393;(0.0611, 1.3853, -0.5511);(0.1440, 1.4623, -1.0580);1,4922;1,4922
10,89081;0,01189532;(0.0615, 1.3853, -0.5507);(0.1440, 1.4623, -1.0582);1,4920;1,4920
10,90216;0,01133151;(0.0620, 1.3853, -0.5506);(0.1441, 1.4624, -1.0580);1,4920;1,4920
10,91311;0,01021527;(0.0629, 1.3854, -0.5499);(0.1441, 1.4623, -1.0580);1,4919;1,4919
10,92431;0,009574877;(0.0635, 1.3853, -0.5497);(0.1441, 1.4623, -1.0580);1,4917;1,4917
10,9353;0,008694656;(0.0643, 1.3851, -0.5494);(0.1441, 1.4623, -1.0580);1,4915;1,4915
10,94648;0,007596047;(0.0653, 1.3847, -0.5490);(0.1441, 1.4623, -1.0581);1,4910;1,4910
10,95762;0,006650734;(0.0661, 1.3844, -0.5487);(0.1441, 1.4623, -1.0581);1,4906;1,4906
10,96874;0,005681544;(0.0670, 1.3839, -0.5486);(0.1441, 1.4623, -1.0581);1,4902;1,4902
10,98108;0,00494485;(0.0675, 1.3834, -0.5483);(0.1441, 1.4624, -1.0581);1,4897;1,4897
10,99513;0,004059444;(0.0681, 1.3829, -0.5479);(0.1440, 1.4623, -1.0581);1,4891;1,4891
11,00196;0,003458762;(0.0685, 1.3825, -0.5477);(0.1440, 1.4623, -1.0581);1,4886;1,4886
11,01323;0,002878734;(0.0688, 1.3821, -0.5475);(0.1441, 1.4623, -1.0582);1,4882;1,4882
11,02421;0,002344962;(0.0692, 1.3818, -0.5472);(0.1441, 1.4623, -1.0582);1,4878;1,4878
11,03553;0,001779651;(0.0694, 1.3813, -0.5470);(0.1442, 1.4623, -1.0582);1,4873;1,4873
11,04643;0,001080721;(0.0696, 1.3808, -0.5466);(0.1442, 1.4623, -1.0583);1,4867;1,4867
11,05763;0,0003817894;(0.0700, 1.3803, -0.5464);(0.1443, 1.4622, -1.0583);1,4861;1,4861
11,06872;-0,000250981;(0.0704, 1.3798, -0.5462);(0.1443, 1.4622, -1.0583);1,4857;1,4857
11,07976;-0,0008709931;(0.0707, 1.3793, -0.5460);(0.1443, 1.4622, -1.0582);1,4852;1,4852
11,09117;-0,001433136;(0.0710, 1.3789, -0.5457);(0.1443, 1.4622, -1.0582);1,4847;1,4847
11,10207;-0,00191381;(0.0707, 1.3786, -0.5455);(0.1443, 1.4621, -1.0582);1,4843;1,4843
11,11308;-0,002380547;(0.0704, 1.3783, -0.5453);(0.1443, 1.4620, -1.0582);1,4840;1,4840
11,12416;-0,002806289;(0.0701, 1.3780, -0.5452);(0.1443, 1.4620, -1.0581);1,4836;1,4836
11,13525;-0,003447597;(0.0698, 1.3776, -0.5448);(0.1443, 1.4619, -1.0581);1,4831;1,4831
11,15066;-0,003807981;(0.0697, 1.3773, -0.5448);(0.1442, 1.4619, -1.0580);1,4828;1,4828
11,15725;-0,004107551;(0.0695, 1.3771, -0.5447);(0.1443, 1.4619, -1.0580);1,4825;1,4825
11,16858;-0,004594877;(0.0694, 1.3768, -0.5443);(0.1442, 1.4619, -1.0580);1,4821;1,4821
11,17959;-0,005055801;(0.0692, 1.3764, -0.5442);(0.1443, 1.4619, -1.0579);1,4817;1,4817
11,19173;-0,005540044;(0.0690, 1.3759, -0.5441);(0.1443, 1.4619, -1.0578);1,4812;1,4812
11,2015;-0,005920952;(0.0689, 1.3756, -0.5439);(0.1443, 1.4619, -1.0577);1,4809;1,4809
11,21262;-0,006231699;(0.0690, 1.3754, -0.5437);(0.1443, 1.4619, -1.0577);1,4806;1,4806
11,22378;-0,006465686;(0.0689, 1.3753, -0.5435);(0.1443, 1.4620, -1.0576);1,4804;1,4804
11,23528;-0,006747515;(0.0689, 1.3751, -0.5434);(0.1443, 1.4620, -1.0575);1,4802;1,4802
11,24622;-0,007268008;(0.0690, 1.3747, -0.5431);(0.1443, 1.4619, -1.0575);1,4797;1,4797
11,25719;-0,007502108;(0.0689, 1.3745, -0.5430);(0.1443, 1.4619, -1.0574);1,4795;1,4795
11,26852;-0,007865557;(0.0686, 1.3743, -0.5429);(0.1442, 1.4619, -1.0573);1,4793;1,4793
11,27949;-0,008183309;(0.0683, 1.3742, -0.5428);(0.1443, 1.4619, -1.0573);1,4791;1,4791
11,29065;-0,00844501;(0.0681, 1.3740, -0.5428);(0.1442, 1.4619, -1.0572);1,4789;1,4789
11,30572;-0,008661505;(0.0682, 1.3741, -0.5426);(0.1442, 1.4619, -1.0571);1,4789;1,4789
11,31267;-0,009009288;(0.0685, 1.3740, -0.5424);(0.1443, 1.4619, -1.0570);1,4788;1,4788
11,32391;-0,009168319;(0.0686, 1.3739, -0.5424);(0.1443, 1.4619, -1.0568);1,4786;1,4786
11,33484;-0,009642596;(0.0688, 1.3736, -0.5421);(0.1444, 1.4618, -1.0567);1,4783;1,4783
11,34591;-0,009281146;(0.0691, 1.3737, -0.5422);(0.1444, 1.4618, -1.0566);1,4784;1,4784
11,35725;-0,009035172;(0.0693, 1.3738, -0.5422);(0.1444, 1.4618, -1.0564);1,4786;1,4786
11,36824;-0,008798528;(0.0695, 1.3739, -0.5422);(0.1445, 1.4617, -1.0565);1,4787;1,4787
11,3792;-0,008430989;(0.0695, 1.3742, -0.5420);(0.1445, 1.4617, -1.0564);1,4789;1,4789
11,39032;-0,008247662;(0.0696, 1.3744, -0.5420);(0.1446, 1.4617, -1.0562);1,4791;1,4791
11,40262;-0,007951613;(0.0699, 1.3746, -0.5421);(0.1446, 1.4616, -1.0561);1,4793;1,4793
11,41247;-0,007614818;(0.0702, 1.3747, -0.5421);(0.1446, 1.4616, -1.0560);1,4794;1,4794
11,42372;-0,007391897;(0.0702, 1.3749, -0.5422);(0.1446, 1.4616, -1.0558);1,4796;1,4796
11,43484;-0,007106066;(0.0704, 1.3751, -0.5420);(0.1446, 1.4615, -1.0556);1,4797;1,4797
11,44607;-0,006691219;(0.0707, 1.3754, -0.5421);(0.1447, 1.4615, -1.0555);1,4800;1,4800
11,46136;-0,006473763;(0.0709, 1.3754, -0.5421);(0.1447, 1.4615, -1.0554);1,4801;1,4801
11,46831;-0,006079924;(0.0713, 1.3756, -0.5421);(0.1448, 1.4615, -1.0553);1,4803;1,4803
11,47943;-0,005810966;(0.0715, 1.3757, -0.5421);(0.1448, 1.4615, -1.0551);1,4804;1,4804
11,49084;-0,005383858;(0.0717, 1.3760, -0.5423);(0.1449, 1.4615, -1.0550);1,4808;1,4808
11,50169;-0,005120225;(0.0719, 1.3762, -0.5424);(0.1449, 1.4614, -1.0550);1,4810;1,4810
11,51289;-0,004668165;(0.0722, 1.3765, -0.5423);(0.1449, 1.4614, -1.0549);1,4813;1,4813
11,52388;-0,004313646;(0.0725, 1.3767, -0.5424);(0.1450, 1.4614, -1.0547);1,4814;1,4814
11,53494;-0,004017889;(0.0727, 1.3768, -0.5425);(0.1450, 1.4613, -1.0546);1,4816;1,4816
11,54606;-0,004275096;(0.0729, 1.3767, -0.5424);(0.1450, 1.4613, -1.0545);1,4815;1,4815
11,55735;-0,003973211;(0.0732, 1.3767, -0.5425);(0.1450, 1.4613, -1.0543);1,4816;1,4816
11,56834;-0,003638646;(0.0735, 1.3767, -0.5426);(0.1450, 1.4613, -1.0542);1,4816;1,4816
11,57939;-0,003826501;(0.0737, 1.3767, -0.5425);(0.1451, 1.4612, -1.0542);1,4816;1,4816
11,59054;-0,003375071;(0.0741, 1.3769, -0.5426);(0.1451, 1.4612, -1.0540);1,4818;1,4818
11,60284;-0,003609045;(0.0742, 1.3769, -0.5424);(0.1451, 1.4612, -1.0539);1,4818;1,4818
11,61741;-0,003995833;(0.0744, 1.3768, -0.5421);(0.1451, 1.4612, -1.0538);1,4815;1,4815
11,62382;-0,004304038;(0.0745, 1.3766, -0.5419);(0.1452, 1.4612, -1.0536);1,4813;1,4813
11,63475;-0,004481036;(0.0746, 1.3764, -0.5418);(0.1451, 1.4612, -1.0534);1,4811;1,4811
11,64601;-0,004209648;(0.0747, 1.3767, -0.5418);(0.1451, 1.4612, -1.0534);1,4813;1,4813
11,65696;-0,004301029;(0.0748, 1.3766, -0.5417);(0.1452, 1.4611, -1.0533);1,4813;1,4813
11,66816;-0,00445345;(0.0748, 1.3766, -0.5416);(0.1451, 1.4611, -1.0532);1,4812;1,4812
11,6795;-0,004707806;(0.0748, 1.3765, -0.5414);(0.1451, 1.4611, -1.0531);1,4810;1,4810
11,69037;-0,005240842;(0.0749, 1.3762, -0.5409);(0.1451, 1.4611, -1.0529);1,4806;1,4806
11,70144;-0,005465819;(0.0751, 1.3761, -0.5409);(0.1451, 1.4611, -1.0527);1,4805;1,4805
11,7124;-0,00562499;(0.0751, 1.3759, -0.5409);(0.1450, 1.4610, -1.0528);1,4803;1,4803
11,72357;-0,006032212;(0.0753, 1.3756, -0.5408);(0.1450, 1.4610, -1.0527);1,4800;1,4800
11,73461;-0,006402707;(0.0753, 1.3752, -0.5407);(0.1450, 1.4611, -1.0526);1,4796;1,4796
11,74574;-0,006748521;(0.0753, 1.3751, -0.5404);(0.1450, 1.4611, -1.0525);1,4794;1,4794
11,75718;-0,007219009;(0.0751, 1.3747, -0.5401);(0.1450, 1.4611, -1.0524);1,4789;1,4789
11,77247;-0,007737116;(0.0749, 1.3744, -0.5398);(0.1451, 1.4611, -1.0523);1,4785;1,4785
11,77902;-0,008111323;(0.0746, 1.3742, -0.5396);(0.1451, 1.4610, -1.0522);1,4782;1,4782
11,79018;-0,008533104;(0.0744, 1.3739, -0.5393);(0.1452, 1.4610, -1.0521);1,4779;1,4779
11,80131;-0,009184395;(0.0744, 1.3735, -0.5388);(0.1452, 1.4610, -1.0520);1,4773;1,4773
11,81361;-0,009611464;(0.0743, 1.3732, -0.5386);(0.1452, 1.4610, -1.0519);1,4769;1,4769
11,82361;-0,009977485;(0.0742, 1.3730, -0.5383);(0.1453, 1.4610, -1.0518);1,4766;1,4766
11,835;-0,01043952;(0.0741, 1.3727, -0.5380);(0.1453, 1.4610, -1.0518);1,4762;1,4762
11,84595;-0,01086652;(0.0743, 1.3723, -0.5378);(0.1453, 1.4610, -1.0517);1,4758;1,4758
11,85715;-0,01112669;(0.0742, 1.3721, -0.5377);(0.1453, 1.4610, -1.0517);1,4756;1,4756
11,86984;-0,01151493;(0.0742, 1.3718, -0.5375);(0.1453, 1.4610, -1.0516);1,4752;1,4752
11,87935;-0,01187064;(0.0743, 1.3716, -0.5372);(0.1453, 1.4610, -1.0515);1,4749;1,4749
11,89035;-0,01210827;(0.0741, 1.3715, -0.5370);(0.1453, 1.4610, -1.0514);1,4747;1,4747
11,9015;-0,01197871;(0.0742, 1.3715, -0.5369);(0.1453, 1.4610, -1.0513);1,4748;1,4748
11,9127;-0,01184589;(0.0741, 1.3716, -0.5369);(0.1453, 1.4610, -1.0512);1,4748;1,4748
11,92804;-0,01208551;(0.0740, 1.3717, -0.5366);(0.1453, 1.4610, -1.0511);1,4748;1,4748
11,93466;-0,01179795;(0.0738, 1.3719, -0.5366);(0.1453, 1.4609, -1.0510);1,4750;1,4750
11,94595;-0,01157319;(0.0737, 1.3720, -0.5365);(0.1453, 1.4609, -1.0510);1,4750;1,4750
11,95729;-0,01143781;(0.0737, 1.3721, -0.5365);(0.1453, 1.4610, -1.0509);1,4751;1,4751
11,96826;-0,01113573;(0.0739, 1.3723, -0.5363);(0.1452, 1.4610, -1.0508);1,4752;1,4752
